Ethernet Type,Packet Length,Service,Source IP,Destination IP,Source Port,Destination Port,Protocol,TCP Flags,Checksum,TCP Window Size,ICMP Type
IPv6,112,UDP,fe80::95ca:d278:281a:9d45,fe80::a7b:12ff:fec1:d237,57322,53,DNS,0,0xc326,0,0
IPv6,231,UDP,fe80::a7b:12ff:fec1:d237,fe80::95ca:d278:281a:9d45,53,57322,DNS,0,0x4684,0,0
IPv4,66,TCP,192.168.1.6,40.79.173.40,61258,443,TCP,0x0002,0xea60,65535,0
IPv4,66,TCP,40.79.173.40,192.168.1.6,443,61258,TCP,0x0012,0xc7b4,65535,0
IPv4,54,TCP,192.168.1.6,40.79.173.40,61258,443,TCP,0x0010,0x0775,65280,0
IPv4,571,TCP,192.168.1.6,40.79.173.40,61258,443,TLS,0x0018,0x733a,65280,0
IPv4,153,TCP,40.79.173.40,192.168.1.6,443,61258,TLS,0x0018,0x8555,4194048,0
IPv4,491,TCP,192.168.1.6,40.79.173.40,61258,443,TLS,0x0018,0xf559,65280,0
IPv4,54,TCP,40.79.173.40,192.168.1.6,443,61258,TCP,0x0010,0xc459,4193536,0
IPv4,1514,TCP,40.79.173.40,192.168.1.6,443,61258,TLS,0x0010,0x2436,4193536,0
IPv4,1514,TCP,40.79.173.40,192.168.1.6,443,61258,TCP,0x0010,0x9688,4193536,0
IPv4,1514,TCP,40.79.173.40,192.168.1.6,443,61258,TCP,0x0010,0x6543,4193536,0
IPv4,54,TCP,192.168.1.6,40.79.173.40,61258,443,TCP,0x0010,0xf23b,65280,0
IPv4,205,TCP,40.79.173.40,192.168.1.6,443,61258,TLS,0x0018,0x17db,4193536,0
IPv4,54,TCP,192.168.1.6,40.79.173.40,61258,443,TCP,0x0010,0xf1a4,65280,0
IPv4,1494,TCP,192.168.1.6,40.79.173.40,61258,443,TLS,0x0010,0x25bd,65280,0
IPv4,1494,TCP,192.168.1.6,40.79.173.40,61258,443,TCP,0x0010,0xa56c,65280,0
IPv4,1494,TCP,192.168.1.6,40.79.173.40,61258,443,TCP,0x0010,0x0217,65280,0
IPv4,1494,TCP,192.168.1.6,40.79.173.40,61258,443,TCP,0x0010,0x49f1,65280,0
IPv4,1494,TCP,192.168.1.6,40.79.173.40,61258,443,TCP,0x0010,0x75d5,65280,0
IPv4,1494,TCP,192.168.1.6,40.79.173.40,61258,443,TCP,0x0010,0xf014,65280,0
IPv4,979,TCP,192.168.1.6,40.79.173.40,61258,443,TLS,0x0018,0xc5a7,65280,0
IPv4,718,TCP,192.168.1.6,3.77.249.83,61164,443,TLS,0x0018,0x386f,253,0
IPv4,54,TCP,40.79.173.40,192.168.1.6,443,61258,TCP,0x0010,0xa762,4194560,0
IPv4,56,TCP,40.79.173.40,192.168.1.6,443,61258,TCP,0x0010,0x9c22,4194560,0
IPv4,157,TCP,40.79.173.40,192.168.1.6,443,61258,TLS,0x0018,0xe8a8,4194560,0
IPv4,56,TCP,40.79.173.40,192.168.1.6,443,61258,TCP,0x0010,0x907b,4194560,0
IPv4,54,TCP,192.168.1.6,40.79.173.40,61258,443,TCP,0x0010,0xcbe0,65280,0
IPv4,56,TCP,40.79.173.40,192.168.1.6,443,61258,TCP,0x0010,0x8ce2,4193536,0
IPv4,490,TCP,3.77.249.83,192.168.1.6,443,61164,TLS,0x0018,0xb203,9,0
IPv4,54,TCP,192.168.1.6,3.77.249.83,61164,443,TCP,0x0010,0x2b77,252,0
IPv4,78,TCP,3.72.106.219,192.168.1.6,443,61254,TLS,0x0019,0x354a,855,0
IPv4,93,TCP,3.72.106.219,192.168.1.6,443,61254,TCP,0x0018,0x811e,855,0
IPv4,66,TCP,192.168.1.6,3.72.106.219,61254,443,TCP,0x0010,0x740a,255,0
IPv4,54,TCP,192.168.1.6,3.72.106.219,61254,443,TCP,0x0010,0xe454,255,0
IPv4,54,TCP,192.168.1.6,3.72.106.219,61254,443,TCP,0x0011,0xe453,255,0
IPv4,519,TCP,40.79.173.40,192.168.1.6,443,61258,TLS,0x0019,0x1184,4193536,0
IPv4,54,TCP,192.168.1.6,40.79.173.40,61258,443,TCP,0x0010,0xca10,64768,0
IPv4,78,TCP,192.168.1.6,40.79.173.40,61258,443,TLS,0x0018,0x844f,64768,0
IPv4,54,TCP,192.168.1.6,40.79.173.40,61258,443,TCP,0x0011,0xc9f7,64768,0
IPv4,54,TCP,3.72.106.219,192.168.1.6,443,61254,TCP,0x0010,0xe1fb,855,0
IPv4,54,TCP,40.79.173.40,192.168.1.6,443,61258,TCP,0x0010,0x8af7,4193536,0
IPv4,91,UDP,192.168.1.11,224.0.0.251,5353,5353,MDNS,0,0x7792,0,0
IPv6,111,UDP,fe80::1c75:42ff:c57c:cd64,ff02::fb,5353,5353,MDNS,0,0x296d,0,0
IPv4,56,TCP,3.124.64.248,192.168.1.6,443,61093,TCP,0x0010,0xcccf,49,0
IPv4,54,TCP,192.168.1.6,3.124.64.248,61093,443,TCP,0x0010,0xcc00,255,0
IPv6,776,UDP,2001:bb6:48d0:da00:7c5c:1087:a562:a487,2a00:1450:400b:c00::9c,61811,443,UDP,0,0x41af,0,0
IPv6,95,UDP,2a00:1450:400b:c00::9c,2001:bb6:48d0:da00:7c5c:1087:a562:a487,443,61811,UDP,0,0x760e,0,0
IPv6,95,UDP,2001:bb6:48d0:da00:7c5c:1087:a562:a487,2a00:1450:400b:c00::9c,61811,443,UDP,0,0x681f,0,0
IPv6,717,UDP,2001:bb6:48d0:da00:7c5c:1087:a562:a487,2a00:1450:400b:c03::9d,65397,443,UDP,0,0xdd2e,0,0
IPv6,1292,UDP,2001:bb6:48d0:da00:7c5c:1087:a562:a487,2a00:1450:400b:c01::9d,61227,443,QUIC,0,0x6b65,0,0
IPv6,1292,UDP,2001:bb6:48d0:da00:7c5c:1087:a562:a487,2a00:1450:400b:c01::9d,61227,443,QUIC,0,0xee79,0,0
IPv6,1292,UDP,2001:bb6:48d0:da00:7c5c:1087:a562:a487,2a00:1450:400b:c01::9d,61227,443,QUIC,0,0x1cff,0,0
IPv6,141,UDP,2001:bb6:48d0:da00:7c5c:1087:a562:a487,2a00:1450:400b:c01::9d,61227,443,QUIC,0,0x69bc,0,0
IPv6,1288,UDP,2001:bb6:48d0:da00:7c5c:1087:a562:a487,2a00:1450:400b:c01::9d,61227,443,QUIC,0,0x3b68,0,0
IPv6,1292,UDP,2001:bb6:48d0:da00:7c5c:1087:a562:a487,2a00:1450:400b:c01::9d,61227,443,QUIC,0,0x225c,0,0
IPv6,1292,UDP,2001:bb6:48d0:da00:7c5c:1087:a562:a487,2a00:1450:400b:c01::9d,61227,443,QUIC,0,0xc952,0,0
IPv6,429,UDP,2001:bb6:48d0:da00:7c5c:1087:a562:a487,2a00:1450:400b:c01::9d,61227,443,QUIC,0,0x7257,0,0
IPv6,123,UDP,2001:bb6:48d0:da00:7c5c:1087:a562:a487,2a00:1450:400b:c01::9d,61227,443,QUIC,0,0x8256,0,0
IPv6,189,UDP,2a00:1450:400b:c00::9c,2001:bb6:48d0:da00:7c5c:1087:a562:a487,443,61811,UDP,0,0x0da1,0,0
IPv6,86,UDP,2a00:1450:400b:c00::9c,2001:bb6:48d0:da00:7c5c:1087:a562:a487,443,61811,UDP,0,0x098d,0,0
IPv6,102,UDP,2001:bb6:48d0:da00:7c5c:1087:a562:a487,2a00:1450:400b:c00::9c,61811,443,UDP,0,0x14b5,0,0
IPv6,102,UDP,2a00:1450:400b:c01::9d,2001:bb6:48d0:da00:7c5c:1087:a562:a487,443,61227,QUIC,0,0x5338,0,0
IPv6,102,UDP,2a00:1450:400b:c01::9d,2001:bb6:48d0:da00:7c5c:1087:a562:a487,443,61227,QUIC,0,0xe721,0,0
IPv6,1292,UDP,2a00:1450:400b:c01::9d,2001:bb6:48d0:da00:7c5c:1087:a562:a487,443,61227,QUIC,0,0xda70,0,0
IPv6,1292,UDP,2a00:1450:400b:c01::9d,2001:bb6:48d0:da00:7c5c:1087:a562:a487,443,61227,QUIC,0,0xd3a4,0,0
IPv6,1292,UDP,2a00:1450:400b:c01::9d,2001:bb6:48d0:da00:7c5c:1087:a562:a487,443,61227,QUIC,0,0x7ca9,0,0
IPv6,366,UDP,2a00:1450:400b:c01::9d,2001:bb6:48d0:da00:7c5c:1087:a562:a487,443,61227,QUIC,0,0x2520,0,0
IPv6,140,UDP,2001:bb6:48d0:da00:7c5c:1087:a562:a487,2a00:1450:400b:c01::9d,61227,443,QUIC,0,0x3b3b,0,0
IPv6,988,UDP,2a00:1450:400b:c01::9d,2001:bb6:48d0:da00:7c5c:1087:a562:a487,443,61227,QUIC,0,0x028d,0,0
IPv6,133,UDP,2a00:1450:400b:c01::9d,2001:bb6:48d0:da00:7c5c:1087:a562:a487,443,61227,QUIC,0,0xc94a,0,0
IPv6,85,UDP,2a00:1450:400b:c01::9d,2001:bb6:48d0:da00:7c5c:1087:a562:a487,443,61227,QUIC,0,0x4ce2,0,0
IPv6,85,UDP,2a00:1450:400b:c01::9d,2001:bb6:48d0:da00:7c5c:1087:a562:a487,443,61227,QUIC,0,0xad0c,0,0
IPv6,93,UDP,2001:bb6:48d0:da00:7c5c:1087:a562:a487,2a00:1450:400b:c01::9d,61227,443,QUIC,0,0x0340,0,0
IPv6,89,UDP,2a00:1450:400b:c01::9d,2001:bb6:48d0:da00:7c5c:1087:a562:a487,443,61227,QUIC,0,0x903a,0,0
IPv6,93,UDP,2001:bb6:48d0:da00:7c5c:1087:a562:a487,2a00:1450:400b:c01::9d,61227,443,QUIC,0,0xaba3,0,0
IPv6,88,UDP,2a00:1450:400b:c00::9c,2001:bb6:48d0:da00:7c5c:1087:a562:a487,443,61811,UDP,0,0x89ff,0,0
IPv6,182,UDP,2a00:1450:400b:c01::9d,2001:bb6:48d0:da00:7c5c:1087:a562:a487,443,61227,QUIC,0,0x4076,0,0
IPv6,94,UDP,2001:bb6:48d0:da00:7c5c:1087:a562:a487,2a00:1450:400b:c01::9d,61227,443,QUIC,0,0x4bea,0,0
IPv6,190,UDP,2a00:1450:400b:c03::9d,2001:bb6:48d0:da00:7c5c:1087:a562:a487,443,65397,UDP,0,0xf1ad,0,0
IPv6,182,UDP,2a00:1450:400b:c01::9d,2001:bb6:48d0:da00:7c5c:1087:a562:a487,443,61227,QUIC,0,0x221c,0,0
IPv6,95,UDP,2001:bb6:48d0:da00:7c5c:1087:a562:a487,2a00:1450:400b:c01::9d,61227,443,QUIC,0,0x9885,0,0
IPv6,99,UDP,2001:bb6:48d0:da00:7c5c:1087:a562:a487,2a00:1450:400b:c03::9d,65397,443,UDP,0,0xbe86,0,0
IPv6,183,UDP,2a00:1450:400b:c03::9d,2001:bb6:48d0:da00:7c5c:1087:a562:a487,443,65397,UDP,0,0x84fb,0,0
IPv6,96,UDP,2001:bb6:48d0:da00:7c5c:1087:a562:a487,2a00:1450:400b:c03::9d,65397,443,UDP,0,0x35b5,0,0
IPv6,87,UDP,2a00:1450:400b:c03::9d,2001:bb6:48d0:da00:7c5c:1087:a562:a487,443,65397,UDP,0,0xd8a0,0,0
IPv6,91,UDP,2001:bb6:48d0:da00:7c5c:1087:a562:a487,2a00:1450:400b:c01::9d,61227,443,QUIC,0,0x4791,0,0
IPv6,91,UDP,2001:bb6:48d0:da00:7c5c:1087:a562:a487,2a00:1450:400b:c01::9d,61227,443,QUIC,0,0xda05,0,0
IPv6,1288,UDP,2a00:1450:400b:c01::9d,2001:bb6:48d0:da00:7c5c:1087:a562:a487,443,61227,QUIC,0,0xffeb,0,0
IPv6,1292,UDP,2a00:1450:400b:c01::9d,2001:bb6:48d0:da00:7c5c:1087:a562:a487,443,61227,QUIC,0,0xbef0,0,0
IPv6,1292,UDP,2a00:1450:400b:c01::9d,2001:bb6:48d0:da00:7c5c:1087:a562:a487,443,61227,QUIC,0,0x249e,0,0
IPv6,1292,UDP,2a00:1450:400b:c01::9d,2001:bb6:48d0:da00:7c5c:1087:a562:a487,443,61227,QUIC,0,0xee64,0,0
IPv6,97,UDP,2001:bb6:48d0:da00:7c5c:1087:a562:a487,2a00:1450:400b:c01::9d,61227,443,QUIC,0,0xa44e,0,0
IPv6,93,UDP,2001:bb6:48d0:da00:7c5c:1087:a562:a487,2a00:1450:400b:c01::9d,61227,443,QUIC,0,0x6722,0,0
IPv6,1292,UDP,2a00:1450:400b:c01::9d,2001:bb6:48d0:da00:7c5c:1087:a562:a487,443,61227,QUIC,0,0x8c13,0,0
IPv6,1292,UDP,2a00:1450:400b:c01::9d,2001:bb6:48d0:da00:7c5c:1087:a562:a487,443,61227,QUIC,0,0x70c3,0,0
IPv6,1292,UDP,2a00:1450:400b:c01::9d,2001:bb6:48d0:da00:7c5c:1087:a562:a487,443,61227,QUIC,0,0xa90a,0,0
IPv6,1292,UDP,2a00:1450:400b:c01::9d,2001:bb6:48d0:da00:7c5c:1087:a562:a487,443,61227,QUIC,0,0xef5c,0,0
IPv6,93,UDP,2001:bb6:48d0:da00:7c5c:1087:a562:a487,2a00:1450:400b:c01::9d,61227,443,QUIC,0,0xc564,0,0
IPv6,93,UDP,2001:bb6:48d0:da00:7c5c:1087:a562:a487,2a00:1450:400b:c01::9d,61227,443,QUIC,0,0xcc53,0,0
IPv6,1292,UDP,2a00:1450:400b:c01::9d,2001:bb6:48d0:da00:7c5c:1087:a562:a487,443,61227,QUIC,0,0xa71c,0,0
IPv6,1292,UDP,2a00:1450:400b:c01::9d,2001:bb6:48d0:da00:7c5c:1087:a562:a487,443,61227,QUIC,0,0xa5f3,0,0
IPv6,1292,UDP,2a00:1450:400b:c01::9d,2001:bb6:48d0:da00:7c5c:1087:a562:a487,443,61227,QUIC,0,0xaa3e,0,0
IPv6,1292,UDP,2a00:1450:400b:c01::9d,2001:bb6:48d0:da00:7c5c:1087:a562:a487,443,61227,QUIC,0,0x640e,0,0
IPv6,93,UDP,2001:bb6:48d0:da00:7c5c:1087:a562:a487,2a00:1450:400b:c01::9d,61227,443,QUIC,0,0xec89,0,0
IPv6,93,UDP,2001:bb6:48d0:da00:7c5c:1087:a562:a487,2a00:1450:400b:c01::9d,61227,443,QUIC,0,0x2a8d,0,0
IPv6,1292,UDP,2a00:1450:400b:c01::9d,2001:bb6:48d0:da00:7c5c:1087:a562:a487,443,61227,QUIC,0,0xee74,0,0
IPv6,1292,UDP,2a00:1450:400b:c01::9d,2001:bb6:48d0:da00:7c5c:1087:a562:a487,443,61227,QUIC,0,0x6816,0,0
IPv6,1292,UDP,2a00:1450:400b:c01::9d,2001:bb6:48d0:da00:7c5c:1087:a562:a487,443,61227,QUIC,0,0xe348,0,0
IPv6,1292,UDP,2a00:1450:400b:c01::9d,2001:bb6:48d0:da00:7c5c:1087:a562:a487,443,61227,QUIC,0,0x04b1,0,0
IPv6,93,UDP,2001:bb6:48d0:da00:7c5c:1087:a562:a487,2a00:1450:400b:c01::9d,61227,443,QUIC,0,0xb8c2,0,0
IPv6,424,UDP,2a00:1450:400b:c01::9d,2001:bb6:48d0:da00:7c5c:1087:a562:a487,443,61227,QUIC,0,0x1bee,0,0
IPv6,251,UDP,2a00:1450:400b:c01::9d,2001:bb6:48d0:da00:7c5c:1087:a562:a487,443,61227,QUIC,0,0x81e8,0,0
IPv6,93,UDP,2001:bb6:48d0:da00:7c5c:1087:a562:a487,2a00:1450:400b:c01::9d,61227,443,QUIC,0,0xab79,0,0
IPv6,93,UDP,2001:bb6:48d0:da00:7c5c:1087:a562:a487,2a00:1450:400b:c01::9d,61227,443,QUIC,0,0x689d,0,0
IPv6,89,UDP,2a00:1450:400b:c01::9d,2001:bb6:48d0:da00:7c5c:1087:a562:a487,443,61227,QUIC,0,0x5dde,0,0
IPv6,87,UDP,2a00:1450:400b:c01::9d,2001:bb6:48d0:da00:7c5c:1087:a562:a487,443,61227,QUIC,0,0xb626,0,0
IPv6,700,UDP,2001:bb6:48d0:da00:7c5c:1087:a562:a487,2a00:1450:400b:c01::9d,61227,443,QUIC,0,0x1c09,0,0
IPv6,1292,UDP,2001:bb6:48d0:da00:7c5c:1087:a562:a487,2606:4700::6812:15ce,54007,443,QUIC,0,0x2642,0,0
IPv6,1292,UDP,2001:bb6:48d0:da00:7c5c:1087:a562:a487,2606:4700::6812:15ce,54007,443,QUIC,0,0x59c1,0,0
IPv6,1262,UDP,2606:4700::6812:15ce,2001:bb6:48d0:da00:7c5c:1087:a562:a487,443,54007,QUIC,0,0x8c67,0,0
IPv6,1262,UDP,2606:4700::6812:15ce,2001:bb6:48d0:da00:7c5c:1087:a562:a487,443,54007,QUIC,0,0xf434,0,0
IPv6,1262,UDP,2606:4700::6812:15ce,2001:bb6:48d0:da00:7c5c:1087:a562:a487,443,54007,QUIC,0,0xc4c4,0,0
IPv6,1262,UDP,2606:4700::6812:15ce,2001:bb6:48d0:da00:7c5c:1087:a562:a487,443,54007,QUIC,0,0xea0a,0,0
IPv6,1292,UDP,2001:bb6:48d0:da00:7c5c:1087:a562:a487,2606:4700::6812:15ce,54007,443,QUIC,0,0x1de1,0,0
IPv6,541,UDP,2001:bb6:48d0:da00:7c5c:1087:a562:a487,2606:4700::6812:15ce,54007,443,QUIC,0,0x1041,0,0
IPv6,700,UDP,2001:bb6:48d0:da00:7c5c:1087:a562:a487,2a00:1450:400b:c01::9d,61227,443,QUIC,0,0xdf76,0,0
IPv6,547,UDP,2606:4700::6812:15ce,2001:bb6:48d0:da00:7c5c:1087:a562:a487,443,54007,QUIC,0,0xbbd6,0,0
IPv6,86,UDP,2606:4700::6812:15ce,2001:bb6:48d0:da00:7c5c:1087:a562:a487,443,54007,QUIC,0,0x529a,0,0
IPv6,92,UDP,2606:4700::6812:15ce,2001:bb6:48d0:da00:7c5c:1087:a562:a487,443,54007,QUIC,0,0x0e20,0,0
IPv6,111,UDP,2606:4700::6812:15ce,2001:bb6:48d0:da00:7c5c:1087:a562:a487,443,54007,QUIC,0,0xcf12,0,0
IPv6,92,UDP,2a00:1450:400b:c01::9d,2001:bb6:48d0:da00:7c5c:1087:a562:a487,443,61227,QUIC,0,0x66c0,0,0
IPv6,679,UDP,2606:4700::6812:15ce,2001:bb6:48d0:da00:7c5c:1087:a562:a487,443,54007,QUIC,0,0xf681,0,0
IPv6,415,UDP,2a00:1450:400b:c01::9d,2001:bb6:48d0:da00:7c5c:1087:a562:a487,443,61227,QUIC,0,0xc6c7,0,0
IPv6,83,UDP,2a00:1450:400b:c01::9d,2001:bb6:48d0:da00:7c5c:1087:a562:a487,443,61227,QUIC,0,0x7fb1,0,0
IPv6,105,UDP,2001:bb6:48d0:da00:7c5c:1087:a562:a487,2606:4700::6812:15ce,54007,443,QUIC,0,0x9879,0,0
IPv6,109,UDP,2001:bb6:48d0:da00:7c5c:1087:a562:a487,2606:4700::6812:15ce,54007,443,QUIC,0,0x2c43,0,0
IPv6,97,UDP,2001:bb6:48d0:da00:7c5c:1087:a562:a487,2a00:1450:400b:c01::9d,61227,443,QUIC,0,0xfe19,0,0
IPv6,89,UDP,2a00:1450:400b:c01::9d,2001:bb6:48d0:da00:7c5c:1087:a562:a487,443,61227,QUIC,0,0x3cb7,0,0
IPv6,87,UDP,2a00:1450:400b:c01::9d,2001:bb6:48d0:da00:7c5c:1087:a562:a487,443,61227,QUIC,0,0x3c8f,0,0
IPv6,90,UDP,2606:4700::6812:15ce,2001:bb6:48d0:da00:7c5c:1087:a562:a487,443,54007,QUIC,0,0x3cd4,0,0
IPv6,105,UDP,2001:bb6:48d0:da00:7c5c:1087:a562:a487,2606:4700::6812:15ce,54007,443,QUIC,0,0x7ff4,0,0
IPv6,1292,UDP,2001:bb6:48d0:da00:7c5c:1087:a562:a487,2a00:1450:400b:c03::9d,62261,443,UDP,0,0x620d,0,0
IPv6,1110,UDP,2001:bb6:48d0:da00:7c5c:1087:a562:a487,2a00:1450:400b:c03::9d,62261,443,UDP,0,0xea0f,0,0
IPv6,1292,UDP,2001:bb6:48d0:da00:7c5c:1087:a562:a487,2a00:1450:400b:c03::9c,56974,443,QUIC,0,0x880f,0,0
IPv6,1292,UDP,2001:bb6:48d0:da00:7c5c:1087:a562:a487,2a00:1450:400b:c03::9c,56974,443,QUIC,0,0x7a3e,0,0
IPv6,144,UDP,2001:bb6:48d0:da00:7c5c:1087:a562:a487,2a00:1450:400b:c03::9c,56974,443,QUIC,0,0x84a7,0,0
IPv6,100,UDP,fe80::95ca:d278:281a:9d45,fe80::a7b:12ff:fec1:d237,50156,53,DNS,0,0x3d93,0,0
IPv6,100,UDP,fe80::95ca:d278:281a:9d45,fe80::a7b:12ff:fec1:d237,63909,53,DNS,0,0x95f7,0,0
IPv6,100,UDP,fe80::95ca:d278:281a:9d45,fe80::a7b:12ff:fec1:d237,52683,53,DNS,0,0x7d92,0,0
IPv4,1287,UDP,192.168.1.6,34.160.152.31,57578,443,UDP,0,0x061e,0,0
IPv4,487,UDP,192.168.1.6,34.160.152.31,57578,443,UDP,0,0xfaa0,0,0
IPv6,523,UDP,2001:bb6:48d0:da00:7c5c:1087:a562:a487,2a00:1450:400b:c03::9c,56974,443,QUIC,0,0x0f39,0,0
IPv4,66,TCP,192.168.1.6,185.80.36.156,61262,443,TCP,0x0002,0x0f46,65535,0
IPv6,316,UDP,2001:bb6:48d0:da00:7c5c:1087:a562:a487,2a00:1450:400b:c03::9c,56974,443,QUIC,0,0xbcf8,0,0
IPv6,94,UDP,2001:bb6:48d0:da00:7c5c:1087:a562:a487,2a00:1450:400b:c01::9d,61227,443,QUIC,0,0x59f2,0,0
IPv6,102,UDP,2a00:1450:400b:c03::9c,2001:bb6:48d0:da00:7c5c:1087:a562:a487,443,56974,QUIC,0,0x3b9a,0,0
IPv6,93,UDP,2a00:1450:400b:c03::9d,2001:bb6:48d0:da00:7c5c:1087:a562:a487,443,62261,UDP,0,0xc08a,0,0
IPv6,1292,UDP,2a00:1450:400b:c03::9c,2001:bb6:48d0:da00:7c5c:1087:a562:a487,443,56974,QUIC,0,0x2e57,0,0
IPv6,1292,UDP,2a00:1450:400b:c03::9c,2001:bb6:48d0:da00:7c5c:1087:a562:a487,443,56974,QUIC,0,0x277c,0,0
IPv6,368,UDP,2a00:1450:400b:c03::9c,2001:bb6:48d0:da00:7c5c:1087:a562:a487,443,56974,QUIC,0,0x7cd6,0,0
IPv6,986,UDP,2a00:1450:400b:c03::9c,2001:bb6:48d0:da00:7c5c:1087:a562:a487,443,56974,QUIC,0,0x5870,0,0
IPv6,133,UDP,2a00:1450:400b:c03::9c,2001:bb6:48d0:da00:7c5c:1087:a562:a487,443,56974,QUIC,0,0xbea0,0,0
IPv6,260,UDP,2a00:1450:400b:c03::9d,2001:bb6:48d0:da00:7c5c:1087:a562:a487,443,62261,UDP,0,0xea95,0,0
IPv6,85,UDP,2a00:1450:400b:c03::9d,2001:bb6:48d0:da00:7c5c:1087:a562:a487,443,62261,UDP,0,0xad7d,0,0
IPv6,86,UDP,2a00:1450:400b:c03::9c,2001:bb6:48d0:da00:7c5c:1087:a562:a487,443,56974,QUIC,0,0xfa7c,0,0
IPv6,1292,UDP,2001:bb6:48d0:da00:7c5c:1087:a562:a487,2a00:1450:400b:c03::9c,56974,443,QUIC,0,0x3d85,0,0
IPv6,93,UDP,2001:bb6:48d0:da00:7c5c:1087:a562:a487,2a00:1450:400b:c03::9c,56974,443,QUIC,0,0xffad,0,0
IPv6,99,UDP,2001:bb6:48d0:da00:7c5c:1087:a562:a487,2a00:1450:400b:c03::9d,62261,443,UDP,0,0xd7b5,0,0
IPv6,95,UDP,2001:bb6:48d0:da00:7c5c:1087:a562:a487,2a00:1450:400b:c03::9d,62261,443,UDP,0,0xed04,0,0
IPv6,178,UDP,fe80::a7b:12ff:fec1:d237,fe80::95ca:d278:281a:9d45,53,50156,DNS,0,0xdcbd,0,0
IPv6,90,UDP,2a00:1450:400b:c03::9c,2001:bb6:48d0:da00:7c5c:1087:a562:a487,443,56974,QUIC,0,0x1666,0,0
IPv6,116,UDP,fe80::a7b:12ff:fec1:d237,fe80::95ca:d278:281a:9d45,53,63909,DNS,0,0xc294,0,0
IPv6,1292,UDP,2001:bb6:48d0:da00:7c5c:1087:a562:a487,2a00:1450:400b:c01::5e,62638,443,QUIC,0,0x2f04,0,0
IPv6,1292,UDP,2001:bb6:48d0:da00:7c5c:1087:a562:a487,2a00:1450:400b:c01::5e,62638,443,QUIC,0,0x4743,0,0
IPv6,1292,UDP,2001:bb6:48d0:da00:7c5c:1087:a562:a487,2a00:1450:400b:c01::5e,62638,443,QUIC,0,0x68ff,0,0
IPv6,178,UDP,fe80::a7b:12ff:fec1:d237,fe80::95ca:d278:281a:9d45,53,52683,DNS,0,0x1cbd,0,0
IPv6,137,UDP,2001:bb6:48d0:da00:7c5c:1087:a562:a487,2a00:1450:400b:c01::5e,62638,443,QUIC,0,0xed55,0,0
IPv6,93,UDP,2001:bb6:48d0:da00:7c5c:1087:a562:a487,2a00:1450:400b:c03::9c,56974,443,QUIC,0,0x57b5,0,0
IPv4,74,UDP,34.160.152.31,192.168.1.6,443,57578,UDP,0,0x9139,0,0
IPv4,66,TCP,192.168.1.6,85.91.47.67,61263,443,TCP,0x0002,0xe319,65535,0
IPv6,182,UDP,2a00:1450:400b:c03::9c,2001:bb6:48d0:da00:7c5c:1087:a562:a487,443,56974,QUIC,0,0xe2bd,0,0
IPv6,88,UDP,2a00:1450:400b:c03::9d,2001:bb6:48d0:da00:7c5c:1087:a562:a487,443,62261,UDP,0,0x0d7d,0,0
IPv4,75,UDP,192.168.1.6,34.160.152.31,57578,443,UDP,0,0xa81f,0,0
IPv6,102,UDP,2a00:1450:400b:c01::5e,2001:bb6:48d0:da00:7c5c:1087:a562:a487,443,62638,QUIC,0,0xde40,0,0
IPv6,102,UDP,2a00:1450:400b:c01::5e,2001:bb6:48d0:da00:7c5c:1087:a562:a487,443,62638,QUIC,0,0x3838,0,0
IPv6,1292,UDP,2001:bb6:48d0:da00:7c5c:1087:a562:a487,2a00:1450:400b:c01::5e,62638,443,QUIC,0,0x6136,0,0
IPv6,1292,UDP,2a00:1450:400b:c01::5e,2001:bb6:48d0:da00:7c5c:1087:a562:a487,443,62638,QUIC,0,0x326f,0,0
IPv6,1292,UDP,2a00:1450:400b:c01::5e,2001:bb6:48d0:da00:7c5c:1087:a562:a487,443,62638,QUIC,0,0xaa18,0,0
IPv6,1292,UDP,2a00:1450:400b:c01::5e,2001:bb6:48d0:da00:7c5c:1087:a562:a487,443,62638,QUIC,0,0x2c22,0,0
IPv6,367,UDP,2a00:1450:400b:c01::5e,2001:bb6:48d0:da00:7c5c:1087:a562:a487,443,62638,QUIC,0,0x78c0,0,0
IPv6,94,UDP,2001:bb6:48d0:da00:7c5c:1087:a562:a487,2a00:1450:400b:c03::9c,56974,443,QUIC,0,0x78d6,0,0
IPv6,140,UDP,2001:bb6:48d0:da00:7c5c:1087:a562:a487,2a00:1450:400b:c01::5e,62638,443,QUIC,0,0x7af6,0,0
IPv6,987,UDP,2a00:1450:400b:c01::5e,2001:bb6:48d0:da00:7c5c:1087:a562:a487,443,62638,QUIC,0,0xbdf6,0,0
IPv6,114,UDP,2a00:1450:400b:c01::5e,2001:bb6:48d0:da00:7c5c:1087:a562:a487,443,62638,QUIC,0,0xe2c5,0,0
IPv4,62,TCP,185.80.36.156,192.168.1.6,443,61262,TCP,0x0012,0x58fa,29200,0
IPv6,364,UDP,2a00:1450:400b:c03::9c,2001:bb6:48d0:da00:7c5c:1087:a562:a487,443,56974,QUIC,0,0x6013,0,0
IPv4,54,TCP,192.168.1.6,185.80.36.156,61262,443,TCP,0x0010,0xf5d9,65280,0
IPv6,894,UDP,2001:bb6:48d0:da00:7c5c:1087:a562:a487,2a00:1450:400b:c01::5e,62638,443,QUIC,0,0x46d2,0,0
IPv6,83,UDP,2a00:1450:400b:c03::9c,2001:bb6:48d0:da00:7c5c:1087:a562:a487,443,56974,QUIC,0,0xc9c1,0,0
IPv4,155,UDP,34.160.152.31,192.168.1.6,443,57578,UDP,0,0x070d,0,0
IPv6,211,UDP,2a00:1450:400b:c03::9c,2001:bb6:48d0:da00:7c5c:1087:a562:a487,443,56974,QUIC,0,0x3ced,0,0
IPv6,83,UDP,2a00:1450:400b:c03::9c,2001:bb6:48d0:da00:7c5c:1087:a562:a487,443,56974,QUIC,0,0xfeba,0,0
IPv4,66,TCP,85.91.47.67,192.168.1.6,443,61263,TCP,0x0012,0x44ac,29200,0
IPv6,86,UDP,2a00:1450:400b:c01::5e,2001:bb6:48d0:da00:7c5c:1087:a562:a487,443,62638,QUIC,0,0x76e2,0,0
IPv4,54,TCP,192.168.1.6,85.91.47.67,61263,443,TCP,0x0010,0xf68f,65280,0
IPv6,94,UDP,2001:bb6:48d0:da00:7c5c:1087:a562:a487,2a00:1450:400b:c01::5e,62638,443,QUIC,0,0x5170,0,0
IPv6,97,UDP,2001:bb6:48d0:da00:7c5c:1087:a562:a487,2a00:1450:400b:c03::9c,56974,443,QUIC,0,0xfe1d,0,0
IPv6,97,UDP,2001:bb6:48d0:da00:7c5c:1087:a562:a487,2a00:1450:400b:c03::9c,56974,443,QUIC,0,0x36fb,0,0
IPv4,1514,TCP,192.168.1.6,185.80.36.156,61262,443,TLS,0x0010,0xf372,65280,0
IPv4,435,TCP,192.168.1.6,185.80.36.156,61262,443,TLS,0x0018,0x169d,65280,0
IPv4,1514,TCP,192.168.1.6,85.91.47.67,61263,443,TLS,0x0010,0x7590,65280,0
IPv4,356,TCP,192.168.1.6,85.91.47.67,61263,443,TLS,0x0018,0x5f75,65280,0
IPv4,82,UDP,192.168.1.6,34.160.152.31,57578,443,UDP,0,0x7bd7,0,0
IPv6,1292,UDP,2a00:1450:400b:c01::5e,2001:bb6:48d0:da00:7c5c:1087:a562:a487,443,62638,QUIC,0,0x1ebf,0,0
IPv6,182,UDP,2a00:1450:400b:c01::5e,2001:bb6:48d0:da00:7c5c:1087:a562:a487,443,62638,QUIC,0,0x603b,0,0
IPv6,233,UDP,2001:bb6:48d0:da00:7c5c:1087:a562:a487,2a00:1450:400b:c03::9c,56974,443,QUIC,0,0x119a,0,0
IPv6,95,UDP,2001:bb6:48d0:da00:7c5c:1087:a562:a487,2a00:1450:400b:c01::5e,62638,443,QUIC,0,0x4031,0,0
IPv6,87,UDP,2a00:1450:400b:c03::9c,2001:bb6:48d0:da00:7c5c:1087:a562:a487,443,56974,QUIC,0,0x3cd3,0,0
IPv6,91,UDP,2a00:1450:400b:c01::5e,2001:bb6:48d0:da00:7c5c:1087:a562:a487,443,62638,QUIC,0,0x74ad,0,0
IPv6,95,UDP,2001:bb6:48d0:da00:7c5c:1087:a562:a487,2a00:1450:400b:c01::5e,62638,443,QUIC,0,0x2d83,0,0
IPv6,220,UDP,2001:bb6:48d0:da00:7c5c:1087:a562:a487,2a00:1450:400b:c03::9c,56974,443,QUIC,0,0xd650,0,0
IPv4,67,UDP,34.160.152.31,192.168.1.6,443,57578,UDP,0,0xc118,0,0
IPv6,91,UDP,2a00:1450:400b:c03::9c,2001:bb6:48d0:da00:7c5c:1087:a562:a487,443,56974,QUIC,0,0xa8b9,0,0
IPv4,54,TCP,185.80.36.156,192.168.1.6,443,61262,TCP,0x0010,0xef84,35840,0
IPv4,54,TCP,85.91.47.67,192.168.1.6,443,61263,TCP,0x0010,0xef9a,35072,0
IPv4,1514,TCP,85.91.47.67,192.168.1.6,443,61263,TLS,0x0010,0xa3e4,35072,0
IPv4,1514,TCP,85.91.47.67,192.168.1.6,443,61263,TCP,0x0010,0xcc3e,35072,0
IPv4,54,TCP,192.168.1.6,85.91.47.67,61263,443,TCP,0x0010,0xe445,65280,0
IPv4,1230,TCP,85.91.47.67,192.168.1.6,443,61263,TCP,0x0018,0xb997,35072,0
IPv6,627,UDP,2a00:1450:400b:c01::5e,2001:bb6:48d0:da00:7c5c:1087:a562:a487,443,62638,QUIC,0,0x693b,0,0
IPv6,83,UDP,2a00:1450:400b:c01::5e,2001:bb6:48d0:da00:7c5c:1087:a562:a487,443,62638,QUIC,0,0xf4a1,0,0
IPv4,1514,TCP,85.91.47.67,192.168.1.6,443,61263,TLS,0x0010,0x2d1b,35072,0
IPv4,54,TCP,192.168.1.6,85.91.47.67,61263,443,TCP,0x0010,0xd9f9,65280,0
IPv6,94,UDP,2001:bb6:48d0:da00:7c5c:1087:a562:a487,2a00:1450:400b:c03::9c,56974,443,QUIC,0,0x11e5,0,0
IPv4,252,TCP,85.91.47.67,192.168.1.6,443,61263,TLS,0x0018,0xb7a0,35072,0
IPv4,1514,TCP,185.80.36.156,192.168.1.6,443,61262,TLS,0x0010,0xcc19,35840,0
IPv4,1514,TCP,185.80.36.156,192.168.1.6,443,61262,TCP,0x0010,0xfff7,35840,0
IPv4,54,TCP,192.168.1.6,185.80.36.156,61262,443,TCP,0x0010,0xe340,65280,0
IPv4,1230,TCP,185.80.36.156,192.168.1.6,443,61262,TCP,0x0018,0xa4c9,35840,0
IPv6,99,UDP,2001:bb6:48d0:da00:7c5c:1087:a562:a487,2a00:1450:400b:c01::5e,62638,443,QUIC,0,0x6987,0,0
IPv6,115,UDP,2a00:1450:400b:c03::9c,2001:bb6:48d0:da00:7c5c:1087:a562:a487,443,56974,QUIC,0,0xc5b0,0,0
IPv6,83,UDP,2a00:1450:400b:c03::9c,2001:bb6:48d0:da00:7c5c:1087:a562:a487,443,56974,QUIC,0,0x66d8,0,0
IPv6,95,UDP,2001:bb6:48d0:da00:7c5c:1087:a562:a487,2a00:1450:400b:c01::5e,62638,443,QUIC,0,0xb97e,0,0
IPv4,1514,TCP,185.80.36.156,192.168.1.6,443,61262,TLS,0x0010,0x00c3,35840,0
IPv4,246,TCP,185.80.36.156,192.168.1.6,443,61262,TLS,0x0018,0x1849,35840,0
IPv4,54,TCP,192.168.1.6,185.80.36.156,61262,443,TCP,0x0010,0xd834,65280,0
IPv4,134,TCP,192.168.1.6,185.80.36.156,61262,443,TLS,0x0018,0xd7a4,65280,0
IPv6,97,UDP,2001:bb6:48d0:da00:7c5c:1087:a562:a487,2a00:1450:400b:c03::9c,56974,443,QUIC,0,0x914e,0,0
IPv4,134,TCP,192.168.1.6,85.91.47.67,61263,443,TLS,0x0018,0x0bfd,65280,0
IPv4,146,TCP,192.168.1.6,185.80.36.156,61262,443,TLS,0x0018,0x25a2,65280,0
IPv6,102,UDP,2a00:1450:400b:c03::9c,2001:bb6:48d0:da00:7c5c:1087:a562:a487,443,56974,QUIC,0,0x66f5,0,0
IPv6,83,UDP,2a00:1450:400b:c03::9c,2001:bb6:48d0:da00:7c5c:1087:a562:a487,443,56974,QUIC,0,0xe59d,0,0
IPv4,951,TCP,192.168.1.6,85.91.47.67,61263,443,TLS,0x0018,0x72ee,65280,0
IPv4,674,TCP,192.168.1.6,185.80.36.156,61262,443,TLS,0x0018,0x2f86,65280,0
IPv6,97,UDP,2001:bb6:48d0:da00:7c5c:1087:a562:a487,2a00:1450:400b:c03::9c,56974,443,QUIC,0,0xbf8d,0,0
IPv6,85,UDP,2a00:1450:400b:c03::9c,2001:bb6:48d0:da00:7c5c:1087:a562:a487,443,56974,QUIC,0,0x8150,0,0
IPv4,56,TCP,185.80.36.156,192.168.1.6,443,61262,TCP,0x0010,0xd864,35840,0
IPv4,133,TCP,185.80.36.156,192.168.1.6,443,61262,TLS,0x0018,0xf9fa,35840,0
IPv4,373,TCP,85.91.47.67,192.168.1.6,443,61263,TLS,0x0018,0x74a9,35072,0
IPv4,133,TCP,185.80.36.156,192.168.1.6,443,61262,TLS,0x0018,0x7a2f,35840,0
IPv4,125,TCP,185.80.36.156,192.168.1.6,443,61262,TLS,0x0018,0x28a0,35840,0
IPv4,373,TCP,85.91.47.67,192.168.1.6,443,61263,TLS,0x0018,0x0a47,35072,0
IPv4,181,TCP,185.80.36.156,192.168.1.6,443,61262,TLS,0x0018,0x45e0,38912,0
IPv4,379,TCP,85.91.47.67,192.168.1.6,443,61263,TLS,0x0018,0x4a76,38016,0
IPv4,54,TCP,192.168.1.6,185.80.36.156,61262,443,TCP,0x0010,0xd3b9,65024,0
IPv4,54,TCP,192.168.1.6,85.91.47.67,61263,443,TCP,0x0010,0xd1a3,64256,0
IPv6,86,UDP,2a00:1450:400b:c01::5e,2001:bb6:48d0:da00:7c5c:1087:a562:a487,443,62638,QUIC,0,0x23c0,0,0
IPv4,85,TCP,192.168.1.6,185.80.36.156,61262,443,TLS,0x0018,0xf816,65024,0
IPv6,1292,UDP,2001:bb6:48d0:da00:7c5c:1087:a562:a487,2a00:1450:400b:c03::9c,56974,443,QUIC,0,0x031d,0,0
IPv6,1292,UDP,2001:bb6:48d0:da00:7c5c:1087:a562:a487,2a00:1450:400b:c03::9c,56974,443,QUIC,0,0x9ae9,0,0
IPv6,1292,UDP,2001:bb6:48d0:da00:7c5c:1087:a562:a487,2a00:1450:400b:c03::9c,56974,443,QUIC,0,0xfb7d,0,0
IPv6,1292,UDP,2001:bb6:48d0:da00:7c5c:1087:a562:a487,2a00:1450:400b:c03::9c,56974,443,QUIC,0,0x1f5d,0,0
IPv6,1049,UDP,2001:bb6:48d0:da00:7c5c:1087:a562:a487,2a00:1450:400b:c03::9c,56974,443,QUIC,0,0x5b05,0,0
IPv6,113,UDP,2001:bb6:48d0:da00:7c5c:1087:a562:a487,2a00:1450:400b:c03::9c,56974,443,QUIC,0,0x6e03,0,0
IPv6,85,UDP,2a00:1450:400b:c03::9c,2001:bb6:48d0:da00:7c5c:1087:a562:a487,443,56974,QUIC,0,0x2612,0,0
IPv6,85,UDP,2a00:1450:400b:c03::9c,2001:bb6:48d0:da00:7c5c:1087:a562:a487,443,56974,QUIC,0,0xd4b0,0,0
IPv6,89,UDP,2a00:1450:400b:c03::9c,2001:bb6:48d0:da00:7c5c:1087:a562:a487,443,56974,QUIC,0,0xee39,0,0
IPv4,56,TCP,185.80.36.156,192.168.1.6,443,61262,TCP,0x0010,0xd472,38912,0
IPv6,94,UDP,2001:bb6:48d0:da00:7c5c:1087:a562:a487,2a00:1450:400b:c03::9c,56974,443,QUIC,0,0x8014,0,0
IPv6,1288,UDP,2a00:1450:400b:c03::9c,2001:bb6:48d0:da00:7c5c:1087:a562:a487,443,56974,QUIC,0,0xfc8f,0,0
IPv6,1292,UDP,2a00:1450:400b:c03::9c,2001:bb6:48d0:da00:7c5c:1087:a562:a487,443,56974,QUIC,0,0x805f,0,0
IPv6,1292,UDP,2a00:1450:400b:c03::9c,2001:bb6:48d0:da00:7c5c:1087:a562:a487,443,56974,QUIC,0,0x60e8,0,0
IPv6,1292,UDP,2a00:1450:400b:c03::9c,2001:bb6:48d0:da00:7c5c:1087:a562:a487,443,56974,QUIC,0,0xd97e,0,0
IPv6,97,UDP,2001:bb6:48d0:da00:7c5c:1087:a562:a487,2a00:1450:400b:c03::9c,56974,443,QUIC,0,0x45d6,0,0
IPv6,93,UDP,2001:bb6:48d0:da00:7c5c:1087:a562:a487,2a00:1450:400b:c03::9c,56974,443,QUIC,0,0x50f5,0,0
IPv6,1292,UDP,2a00:1450:400b:c03::9c,2001:bb6:48d0:da00:7c5c:1087:a562:a487,443,56974,QUIC,0,0xc7f7,0,0
IPv6,1292,UDP,2a00:1450:400b:c03::9c,2001:bb6:48d0:da00:7c5c:1087:a562:a487,443,56974,QUIC,0,0xe343,0,0
IPv6,1292,UDP,2a00:1450:400b:c03::9c,2001:bb6:48d0:da00:7c5c:1087:a562:a487,443,56974,QUIC,0,0x6af0,0,0
IPv6,93,UDP,2001:bb6:48d0:da00:7c5c:1087:a562:a487,2a00:1450:400b:c03::9c,56974,443,QUIC,0,0xa0f3,0,0
IPv6,1292,UDP,2a00:1450:400b:c03::9c,2001:bb6:48d0:da00:7c5c:1087:a562:a487,443,56974,QUIC,0,0xddca,0,0
IPv6,1292,UDP,2a00:1450:400b:c03::9c,2001:bb6:48d0:da00:7c5c:1087:a562:a487,443,56974,QUIC,0,0x709c,0,0
IPv6,1292,UDP,2a00:1450:400b:c03::9c,2001:bb6:48d0:da00:7c5c:1087:a562:a487,443,56974,QUIC,0,0x3732,0,0
IPv6,93,UDP,2001:bb6:48d0:da00:7c5c:1087:a562:a487,2a00:1450:400b:c03::9c,56974,443,QUIC,0,0xbedb,0,0
IPv6,93,UDP,2001:bb6:48d0:da00:7c5c:1087:a562:a487,2a00:1450:400b:c03::9c,56974,443,QUIC,0,0x6f68,0,0
IPv6,1292,UDP,2a00:1450:400b:c03::9c,2001:bb6:48d0:da00:7c5c:1087:a562:a487,443,56974,QUIC,0,0x66fb,0,0
IPv6,1292,UDP,2a00:1450:400b:c03::9c,2001:bb6:48d0:da00:7c5c:1087:a562:a487,443,56974,QUIC,0,0xde47,0,0
IPv6,93,UDP,2001:bb6:48d0:da00:7c5c:1087:a562:a487,2a00:1450:400b:c03::9c,56974,443,QUIC,0,0xe55a,0,0
IPv6,1292,UDP,2a00:1450:400b:c03::9c,2001:bb6:48d0:da00:7c5c:1087:a562:a487,443,56974,QUIC,0,0x0e46,0,0
IPv6,1292,UDP,2a00:1450:400b:c03::9c,2001:bb6:48d0:da00:7c5c:1087:a562:a487,443,56974,QUIC,0,0x9723,0,0
IPv6,1292,UDP,2a00:1450:400b:c03::9c,2001:bb6:48d0:da00:7c5c:1087:a562:a487,443,56974,QUIC,0,0x0535,0,0
IPv6,93,UDP,2001:bb6:48d0:da00:7c5c:1087:a562:a487,2a00:1450:400b:c03::9c,56974,443,QUIC,0,0x1bf2,0,0
IPv6,1292,UDP,2a00:1450:400b:c03::9c,2001:bb6:48d0:da00:7c5c:1087:a562:a487,443,56974,QUIC,0,0x117b,0,0
IPv6,93,UDP,2001:bb6:48d0:da00:7c5c:1087:a562:a487,2a00:1450:400b:c03::9c,56974,443,QUIC,0,0x2445,0,0
IPv6,1292,UDP,2a00:1450:400b:c03::9c,2001:bb6:48d0:da00:7c5c:1087:a562:a487,443,56974,QUIC,0,0x2c21,0,0
IPv6,1292,UDP,2a00:1450:400b:c03::9c,2001:bb6:48d0:da00:7c5c:1087:a562:a487,443,56974,QUIC,0,0xb50f,0,0
IPv6,93,UDP,2001:bb6:48d0:da00:7c5c:1087:a562:a487,2a00:1450:400b:c03::9c,56974,443,QUIC,0,0xe14d,0,0
IPv6,1292,UDP,2a00:1450:400b:c03::9c,2001:bb6:48d0:da00:7c5c:1087:a562:a487,443,56974,QUIC,0,0x4426,0,0
IPv6,1292,UDP,2a00:1450:400b:c03::9c,2001:bb6:48d0:da00:7c5c:1087:a562:a487,443,56974,QUIC,0,0x7d5c,0,0
IPv6,1292,UDP,2a00:1450:400b:c03::9c,2001:bb6:48d0:da00:7c5c:1087:a562:a487,443,56974,QUIC,0,0xeb57,0,0
IPv6,93,UDP,2001:bb6:48d0:da00:7c5c:1087:a562:a487,2a00:1450:400b:c03::9c,56974,443,QUIC,0,0xaf88,0,0
IPv6,1292,UDP,2a00:1450:400b:c03::9c,2001:bb6:48d0:da00:7c5c:1087:a562:a487,443,56974,QUIC,0,0x1733,0,0
IPv6,1292,UDP,2a00:1450:400b:c03::9c,2001:bb6:48d0:da00:7c5c:1087:a562:a487,443,56974,QUIC,0,0x32ff,0,0
IPv6,93,UDP,2001:bb6:48d0:da00:7c5c:1087:a562:a487,2a00:1450:400b:c03::9c,56974,443,QUIC,0,0xaec5,0,0
IPv6,1292,UDP,2a00:1450:400b:c03::9c,2001:bb6:48d0:da00:7c5c:1087:a562:a487,443,56974,QUIC,0,0x735a,0,0
IPv6,1292,UDP,2a00:1450:400b:c03::9c,2001:bb6:48d0:da00:7c5c:1087:a562:a487,443,56974,QUIC,0,0x4ff0,0,0
IPv6,93,UDP,2001:bb6:48d0:da00:7c5c:1087:a562:a487,2a00:1450:400b:c03::9c,56974,443,QUIC,0,0x8c34,0,0
IPv6,1292,UDP,2a00:1450:400b:c03::9c,2001:bb6:48d0:da00:7c5c:1087:a562:a487,443,56974,QUIC,0,0x520b,0,0
IPv6,1292,UDP,2a00:1450:400b:c03::9c,2001:bb6:48d0:da00:7c5c:1087:a562:a487,443,56974,QUIC,0,0xe5c9,0,0
IPv6,1292,UDP,2a00:1450:400b:c03::9c,2001:bb6:48d0:da00:7c5c:1087:a562:a487,443,56974,QUIC,0,0x84fa,0,0
IPv6,93,UDP,2001:bb6:48d0:da00:7c5c:1087:a562:a487,2a00:1450:400b:c03::9c,56974,443,QUIC,0,0xde2b,0,0
IPv6,1292,UDP,2a00:1450:400b:c03::9c,2001:bb6:48d0:da00:7c5c:1087:a562:a487,443,56974,QUIC,0,0x5985,0,0
IPv6,93,UDP,2001:bb6:48d0:da00:7c5c:1087:a562:a487,2a00:1450:400b:c03::9c,56974,443,QUIC,0,0xeb20,0,0
IPv6,1292,UDP,2a00:1450:400b:c03::9c,2001:bb6:48d0:da00:7c5c:1087:a562:a487,443,56974,QUIC,0,0x4c67,0,0
IPv6,1292,UDP,2a00:1450:400b:c03::9c,2001:bb6:48d0:da00:7c5c:1087:a562:a487,443,56974,QUIC,0,0x130b,0,0
IPv6,93,UDP,2001:bb6:48d0:da00:7c5c:1087:a562:a487,2a00:1450:400b:c03::9c,56974,443,QUIC,0,0xd705,0,0
IPv6,1292,UDP,2a00:1450:400b:c03::9c,2001:bb6:48d0:da00:7c5c:1087:a562:a487,443,56974,QUIC,0,0xc41f,0,0
IPv6,1292,UDP,2a00:1450:400b:c03::9c,2001:bb6:48d0:da00:7c5c:1087:a562:a487,443,56974,QUIC,0,0xe98d,0,0
IPv6,1292,UDP,2a00:1450:400b:c03::9c,2001:bb6:48d0:da00:7c5c:1087:a562:a487,443,56974,QUIC,0,0x3146,0,0
IPv6,93,UDP,2001:bb6:48d0:da00:7c5c:1087:a562:a487,2a00:1450:400b:c03::9c,56974,443,QUIC,0,0xc8ad,0,0
IPv6,93,UDP,2001:bb6:48d0:da00:7c5c:1087:a562:a487,2a00:1450:400b:c03::9c,56974,443,QUIC,0,0x07b0,0,0
IPv6,970,UDP,2a00:1450:400b:c03::9c,2001:bb6:48d0:da00:7c5c:1087:a562:a487,443,56974,QUIC,0,0xe4cf,0,0
IPv4,1292,UDP,192.168.1.6,104.18.27.193,61746,443,QUIC,0,0x2316,0,0
IPv4,1292,UDP,192.168.1.6,104.18.27.193,61746,443,QUIC,0,0xb8f7,0,0
IPv4,123,UDP,192.168.1.6,104.18.27.193,61746,443,QUIC,0,0xf5ab,0,0
IPv4,1292,UDP,192.168.1.6,104.18.27.193,61746,443,QUIC,0,0x0ed3,0,0
IPv4,914,UDP,192.168.1.6,104.18.27.193,61746,443,QUIC,0,0x9576,0,0
IPv6,130,UDP,2001:bb6:48d0:da00:7c5c:1087:a562:a487,2a00:1450:400b:c00::9c,61811,443,UDP,0,0xbd2e,0,0
IPv6,94,UDP,2001:bb6:48d0:da00:7c5c:1087:a562:a487,2a00:1450:400b:c03::9c,56974,443,QUIC,0,0xf2cc,0,0
IPv6,1292,UDP,2001:bb6:48d0:da00:7c5c:1087:a562:a487,2a00:1450:400b:c01::9d,54562,443,QUIC,0,0xc35b,0,0
IPv6,1292,UDP,2001:bb6:48d0:da00:7c5c:1087:a562:a487,2a00:1450:400b:c01::9d,54562,443,QUIC,0,0x9be3,0,0
IPv6,1292,UDP,2001:bb6:48d0:da00:7c5c:1087:a562:a487,2a00:1450:400b:c01::9d,54562,443,QUIC,0,0xf0a9,0,0
IPv6,139,UDP,2001:bb6:48d0:da00:7c5c:1087:a562:a487,2a00:1450:400b:c01::9d,54562,443,QUIC,0,0x1eba,0,0
IPv6,1032,UDP,2001:bb6:48d0:da00:7c5c:1087:a562:a487,2a00:1450:400b:c01::9d,54562,443,QUIC,0,0xe85f,0,0
IPv6,130,UDP,2001:bb6:48d0:da00:7c5c:1087:a562:a487,2a00:1450:400b:c00::9c,61811,443,UDP,0,0x90e8,0,0
IPv4,1292,UDP,192.168.1.6,209.85.202.148,50713,443,QUIC,0,0xcc11,0,0
IPv4,1292,UDP,192.168.1.6,209.85.202.148,50713,443,QUIC,0,0x4bb9,0,0
IPv4,123,UDP,192.168.1.6,209.85.202.148,50713,443,QUIC,0,0x6316,0,0
IPv4,1288,UDP,192.168.1.6,209.85.202.148,50713,443,QUIC,0,0xb758,0,0
IPv4,1066,UDP,192.168.1.6,209.85.202.148,50713,443,QUIC,0,0x2f92,0,0
IPv4,1242,UDP,104.18.27.193,192.168.1.6,443,61746,QUIC,0,0x5aba,0,0
IPv6,95,UDP,2a00:1450:400b:c00::9c,2001:bb6:48d0:da00:7c5c:1087:a562:a487,443,61811,UDP,0,0x391f,0,0
IPv4,1242,UDP,104.18.27.193,192.168.1.6,443,61746,QUIC,0,0xecc3,0,0
IPv4,1242,UDP,104.18.27.193,192.168.1.6,443,61746,QUIC,0,0xeddd,0,0
IPv4,66,UDP,104.18.27.193,192.168.1.6,443,61746,QUIC,0,0x5cfe,0,0
IPv4,66,UDP,104.18.27.193,192.168.1.6,443,61746,QUIC,0,0x169b,0,0
IPv4,91,UDP,104.18.27.193,192.168.1.6,443,61746,QUIC,0,0x2638,0,0
IPv6,142,UDP,2a00:1450:400b:c00::9c,2001:bb6:48d0:da00:7c5c:1087:a562:a487,443,61811,UDP,0,0x43bd,0,0
IPv6,85,UDP,2a00:1450:400b:c00::9c,2001:bb6:48d0:da00:7c5c:1087:a562:a487,443,61811,UDP,0,0x4391,0,0
IPv4,1292,UDP,192.168.1.6,104.18.27.193,61746,443,QUIC,0,0x451a,0,0
IPv4,85,UDP,192.168.1.6,104.18.27.193,61746,443,QUIC,0,0x084a,0,0
IPv4,89,UDP,192.168.1.6,104.18.27.193,61746,443,QUIC,0,0xf148,0,0
IPv4,1242,UDP,104.18.27.193,192.168.1.6,443,61746,QUIC,0,0xf0e5,0,0
IPv4,1242,UDP,104.18.27.193,192.168.1.6,443,61746,QUIC,0,0x1953,0,0
IPv4,92,UDP,104.18.27.193,192.168.1.6,443,61746,QUIC,0,0xa2af,0,0
IPv4,85,UDP,192.168.1.6,104.18.27.193,61746,443,QUIC,0,0xc2a0,0,0
IPv6,102,UDP,2001:bb6:48d0:da00:7c5c:1087:a562:a487,2a00:1450:400b:c00::9c,61811,443,UDP,0,0x30c9,0,0
IPv6,89,UDP,2a00:1450:400b:c00::9c,2001:bb6:48d0:da00:7c5c:1087:a562:a487,443,61811,UDP,0,0x23eb,0,0
IPv6,102,UDP,2a00:1450:400b:c01::9d,2001:bb6:48d0:da00:7c5c:1087:a562:a487,443,54562,QUIC,0,0x1643,0,0
IPv6,102,UDP,2a00:1450:400b:c01::9d,2001:bb6:48d0:da00:7c5c:1087:a562:a487,443,54562,QUIC,0,0xfec4,0,0
IPv6,1292,UDP,2a00:1450:400b:c01::9d,2001:bb6:48d0:da00:7c5c:1087:a562:a487,443,54562,QUIC,0,0xb07e,0,0
IPv6,1292,UDP,2a00:1450:400b:c01::9d,2001:bb6:48d0:da00:7c5c:1087:a562:a487,443,54562,QUIC,0,0x4e04,0,0
IPv4,82,UDP,209.85.202.148,192.168.1.6,443,50713,QUIC,0,0x921e,0,0
IPv6,1292,UDP,2a00:1450:400b:c01::9d,2001:bb6:48d0:da00:7c5c:1087:a562:a487,443,54562,QUIC,0,0xee8a,0,0
IPv6,354,UDP,2a00:1450:400b:c01::9d,2001:bb6:48d0:da00:7c5c:1087:a562:a487,443,54562,QUIC,0,0xf599,0,0
IPv6,1000,UDP,2a00:1450:400b:c01::9d,2001:bb6:48d0:da00:7c5c:1087:a562:a487,443,54562,QUIC,0,0xb35f,0,0
IPv6,121,UDP,2a00:1450:400b:c01::9d,2001:bb6:48d0:da00:7c5c:1087:a562:a487,443,54562,QUIC,0,0x97a3,0,0
IPv6,85,UDP,2a00:1450:400b:c01::9d,2001:bb6:48d0:da00:7c5c:1087:a562:a487,443,54562,QUIC,0,0x9705,0,0
IPv4,1292,UDP,209.85.202.148,192.168.1.6,443,50713,QUIC,0,0xa56d,0,0
IPv4,1292,UDP,209.85.202.148,192.168.1.6,443,50713,QUIC,0,0x4345,0,0
IPv4,340,UDP,209.85.202.148,192.168.1.6,443,50713,QUIC,0,0x4157,0,0
IPv4,992,UDP,209.85.202.148,192.168.1.6,443,50713,QUIC,0,0xfcee,0,0
IPv4,66,UDP,209.85.202.148,192.168.1.6,443,50713,QUIC,0,0xf4e0,0,0
IPv4,71,UDP,104.18.27.193,192.168.1.6,443,61746,QUIC,0,0xdd28,0,0
IPv6,140,UDP,2001:bb6:48d0:da00:7c5c:1087:a562:a487,2a00:1450:400b:c01::9d,54562,443,QUIC,0,0x5b5f,0,0
IPv6,93,UDP,2001:bb6:48d0:da00:7c5c:1087:a562:a487,2a00:1450:400b:c01::9d,54562,443,QUIC,0,0x31e8,0,0
IPv6,89,UDP,2a00:1450:400b:c00::9c,2001:bb6:48d0:da00:7c5c:1087:a562:a487,443,61811,UDP,0,0xbbe6,0,0
IPv4,1292,UDP,192.168.1.6,209.85.202.148,50713,443,QUIC,0,0x3492,0,0
IPv4,85,UDP,192.168.1.6,104.18.27.193,61746,443,QUIC,0,0xf96f,0,0
IPv4,120,UDP,192.168.1.6,209.85.202.148,50713,443,QUIC,0,0x5bd9,0,0
IPv4,73,UDP,192.168.1.6,209.85.202.148,50713,443,QUIC,0,0x6c40,0,0
IPv4,1292,UDP,192.168.1.6,104.18.27.193,61746,443,QUIC,0,0xf83a,0,0
IPv4,925,UDP,192.168.1.6,104.18.27.193,61746,443,QUIC,0,0x053d,0,0
IPv6,130,UDP,2001:bb6:48d0:da00:7c5c:1087:a562:a487,2a00:1450:400b:c00::9c,61811,443,UDP,0,0x8f3a,0,0
IPv6,94,UDP,2001:bb6:48d0:da00:7c5c:1087:a562:a487,2a00:1450:400b:c01::9d,54562,443,QUIC,0,0x6349,0,0
IPv4,1131,UDP,192.168.1.6,209.85.202.148,50713,443,QUIC,0,0xa937,0,0
IPv4,1287,UDP,192.168.1.6,34.160.152.31,57578,443,UDP,0,0x4fc5,0,0
IPv4,1292,UDP,192.168.1.6,34.160.152.31,57578,443,UDP,0,0x8523,0,0
IPv4,743,UDP,192.168.1.6,34.160.152.31,57578,443,UDP,0,0x1fad,0,0
IPv6,74,TCP,2600:9000:2245:2000:1c:d13c:df40:93a1,2001:bb6:48d0:da00:7c5c:1087:a562:a487,443,61216,TCP,0x0011,0x3b1c,138,0
IPv6,182,UDP,2a00:1450:400b:c01::9d,2001:bb6:48d0:da00:7c5c:1087:a562:a487,443,54562,QUIC,0,0x7c22,0,0
IPv6,84,UDP,2a00:1450:400b:c01::9d,2001:bb6:48d0:da00:7c5c:1087:a562:a487,443,54562,QUIC,0,0x79bc,0,0
IPv6,74,TCP,2001:bb6:48d0:da00:7c5c:1087:a562:a487,2600:9000:2245:2000:1c:d13c:df40:93a1,61216,443,TCP,0x0010,0x3ac1,254,0
IPv6,98,TCP,2600:9000:2245:2000:1c:d13c:df40:93a1,2001:bb6:48d0:da00:7c5c:1087:a562:a487,443,61216,TCP,0x0018,0x4eb6,138,0
IPv6,74,TCP,2001:bb6:48d0:da00:7c5c:1087:a562:a487,2600:9000:2245:2000:1c:d13c:df40:93a1,61216,443,TCP,0x0010,0x3aa8,254,0
IPv6,93,UDP,2001:bb6:48d0:da00:7c5c:1087:a562:a487,2a00:1450:400b:c01::9d,54562,443,QUIC,0,0x2d05,0,0
IPv4,1288,UDP,209.85.202.148,192.168.1.6,443,50713,QUIC,0,0x7d8f,0,0
IPv4,181,UDP,209.85.202.148,192.168.1.6,443,50713,QUIC,0,0x27e4,0,0
IPv4,63,UDP,209.85.202.148,192.168.1.6,443,50713,QUIC,0,0x3c9e,0,0
IPv4,340,UDP,209.85.202.148,192.168.1.6,443,50713,QUIC,0,0xa6a2,0,0
IPv6,633,UDP,2a00:1450:400b:c01::9d,2001:bb6:48d0:da00:7c5c:1087:a562:a487,443,54562,QUIC,0,0x989e,0,0
IPv6,83,UDP,2a00:1450:400b:c01::9d,2001:bb6:48d0:da00:7c5c:1087:a562:a487,443,54562,QUIC,0,0x2f4d,0,0
IPv4,78,UDP,192.168.1.6,209.85.202.148,50713,443,QUIC,0,0xce0e,0,0
IPv4,159,UDP,192.168.1.6,209.85.202.148,50713,443,QUIC,0,0xd043,0,0
IPv6,97,UDP,2001:bb6:48d0:da00:7c5c:1087:a562:a487,2a00:1450:400b:c01::9d,54562,443,QUIC,0,0x27ca,0,0
IPv4,162,UDP,209.85.202.148,192.168.1.6,443,50713,QUIC,0,0xdb02,0,0
IPv4,65,UDP,104.18.27.193,192.168.1.6,443,61746,QUIC,0,0x68cb,0,0
IPv4,75,UDP,192.168.1.6,209.85.202.148,50713,443,QUIC,0,0x2a0b,0,0
IPv6,96,UDP,2a00:1450:400b:c00::9c,2001:bb6:48d0:da00:7c5c:1087:a562:a487,443,61811,UDP,0,0x23de,0,0
IPv4,69,UDP,209.85.202.148,192.168.1.6,443,50713,QUIC,0,0x2d51,0,0
IPv4,66,UDP,104.18.27.193,192.168.1.6,443,61746,QUIC,0,0xe051,0,0
IPv6,95,UDP,2001:bb6:48d0:da00:7c5c:1087:a562:a487,2a00:1450:400b:c00::9c,61811,443,UDP,0,0x98c0,0,0
IPv4,74,UDP,34.160.152.31,192.168.1.6,443,57578,UDP,0,0x8d17,0,0
IPv6,87,UDP,2a00:1450:400b:c01::9d,2001:bb6:48d0:da00:7c5c:1087:a562:a487,443,54562,QUIC,0,0x6656,0,0
IPv4,69,UDP,209.85.202.148,192.168.1.6,443,50713,QUIC,0,0xeda4,0,0
IPv4,71,UDP,209.85.202.148,192.168.1.6,443,50713,QUIC,0,0x8996,0,0
IPv4,75,UDP,192.168.1.6,34.160.152.31,57578,443,UDP,0,0xa63b,0,0
IPv6,130,UDP,2001:bb6:48d0:da00:7c5c:1087:a562:a487,2a00:1450:400b:c00::9c,61811,443,UDP,0,0x5b98,0,0
IPv6,130,UDP,2001:bb6:48d0:da00:7c5c:1087:a562:a487,2a00:1450:400b:c00::9c,61811,443,UDP,0,0x6048,0,0
IPv4,1292,UDP,192.168.1.6,74.125.193.154,57895,443,QUIC,0,0x0fa1,0,0
IPv4,1292,UDP,192.168.1.6,74.125.193.154,57895,443,QUIC,0,0xf911,0,0
IPv4,1292,UDP,192.168.1.6,74.125.193.154,57895,443,QUIC,0,0xa75c,0,0
IPv4,121,UDP,192.168.1.6,74.125.193.154,57895,443,QUIC,0,0x0c8d,0,0
IPv6,130,UDP,2001:bb6:48d0:da00:7c5c:1087:a562:a487,2a00:1450:400b:c03::9d,65397,443,UDP,0,0x8bbb,0,0
IPv6,304,UDP,2001:bb6:48d0:da00:7c5c:1087:a562:a487,2a00:1450:400b:c03::9d,65397,443,UDP,0,0xad42,0,0
IPv6,112,UDP,2a00:1450:400b:c00::9c,2001:bb6:48d0:da00:7c5c:1087:a562:a487,443,61811,UDP,0,0xfbdb,0,0
IPv6,85,UDP,2a00:1450:400b:c00::9c,2001:bb6:48d0:da00:7c5c:1087:a562:a487,443,61811,UDP,0,0xc997,0,0
IPv4,125,UDP,34.160.152.31,192.168.1.6,443,57578,UDP,0,0x6fd6,0,0
IPv4,1242,UDP,104.18.27.193,192.168.1.6,443,61746,QUIC,0,0xe597,0,0
IPv4,663,UDP,104.18.27.193,192.168.1.6,443,61746,QUIC,0,0x8f9c,0,0
IPv4,85,UDP,192.168.1.6,104.18.27.193,61746,443,QUIC,0,0x2eec,0,0
IPv6,102,UDP,2001:bb6:48d0:da00:7c5c:1087:a562:a487,2a00:1450:400b:c00::9c,61811,443,UDP,0,0x6836,0,0
IPv4,82,UDP,192.168.1.6,34.160.152.31,57578,443,UDP,0,0x05b5,0,0
IPv4,82,UDP,74.125.193.154,192.168.1.6,443,57895,QUIC,0,0x8768,0,0
IPv6,91,UDP,2a00:1450:400b:c03::9d,2001:bb6:48d0:da00:7c5c:1087:a562:a487,443,65397,UDP,0,0xa20e,0,0
IPv4,82,UDP,74.125.193.154,192.168.1.6,443,57895,QUIC,0,0x342c,0,0
IPv6,98,UDP,2a00:1450:400b:c00::9c,2001:bb6:48d0:da00:7c5c:1087:a562:a487,443,61811,UDP,0,0xf698,0,0
IPv4,1292,UDP,74.125.193.154,192.168.1.6,443,57895,QUIC,0,0x78ea,0,0
IPv4,1292,UDP,74.125.193.154,192.168.1.6,443,57895,QUIC,0,0xa870,0,0
IPv4,1292,UDP,74.125.193.154,192.168.1.6,443,57895,QUIC,0,0x4ebd,0,0
IPv4,349,UDP,74.125.193.154,192.168.1.6,443,57895,QUIC,0,0x1741,0,0
IPv4,985,UDP,74.125.193.154,192.168.1.6,443,57895,QUIC,0,0x996d,0,0
IPv4,84,UDP,74.125.193.154,192.168.1.6,443,57895,QUIC,0,0x915e,0,0
IPv4,120,UDP,192.168.1.6,74.125.193.154,57895,443,QUIC,0,0xd871,0,0
IPv4,73,UDP,192.168.1.6,74.125.193.154,57895,443,QUIC,0,0xefc3,0,0
IPv4,1195,UDP,192.168.1.6,74.125.193.154,57895,443,QUIC,0,0x9f16,0,0
IPv4,690,UDP,192.168.1.6,74.125.193.154,57895,443,QUIC,0,0xd662,0,0
IPv4,547,UDP,192.168.1.6,74.125.193.154,57895,443,QUIC,0,0x995a,0,0
IPv4,690,UDP,192.168.1.6,74.125.193.154,57895,443,QUIC,0,0xd4f4,0,0
IPv4,691,UDP,192.168.1.6,74.125.193.154,57895,443,QUIC,0,0x4826,0,0
IPv4,538,UDP,192.168.1.6,74.125.193.154,57895,443,QUIC,0,0xe737,0,0
IPv6,95,UDP,2001:bb6:48d0:da00:7c5c:1087:a562:a487,2a00:1450:400b:c00::9c,61811,443,UDP,0,0x1cac,0,0
IPv4,67,UDP,34.160.152.31,192.168.1.6,443,57578,UDP,0,0xfa94,0,0
IPv6,88,UDP,2a00:1450:400b:c00::9c,2001:bb6:48d0:da00:7c5c:1087:a562:a487,443,61811,UDP,0,0x5284,0,0
IPv4,168,UDP,74.125.193.154,192.168.1.6,443,57895,QUIC,0,0xf18a,0,0
IPv4,1292,UDP,192.168.1.6,209.85.202.148,50713,443,QUIC,0,0xd378,0,0
IPv4,781,UDP,192.168.1.6,209.85.202.148,50713,443,QUIC,0,0x5fa9,0,0
IPv6,95,UDP,2001:bb6:48d0:da00:7c5c:1087:a562:a487,2a00:1450:400b:c03::9d,65397,443,UDP,0,0x064e,0,0
IPv4,74,UDP,192.168.1.6,74.125.193.154,57895,443,QUIC,0,0xb6e2,0,0
IPv4,71,UDP,74.125.193.154,192.168.1.6,443,57895,QUIC,0,0x94a4,0,0
IPv4,71,UDP,74.125.193.154,192.168.1.6,443,57895,QUIC,0,0xaec2,0,0
IPv4,71,UDP,74.125.193.154,192.168.1.6,443,57895,QUIC,0,0x4004,0,0
IPv4,72,UDP,74.125.193.154,192.168.1.6,443,57895,QUIC,0,0x25ad,0,0
IPv4,54,TCP,52.210.110.130,192.168.1.6,443,61201,TCP,0x0011,0x53d6,338,0
IPv4,93,TCP,52.210.110.130,192.168.1.6,443,61201,TCP,0x0018,0x0b93,338,0
IPv4,78,TCP,52.210.110.130,192.168.1.6,443,61201,TCP,0x0018,0x0009,338,0
IPv4,73,UDP,192.168.1.6,74.125.193.154,57895,443,QUIC,0,0x6df3,0,0
IPv4,54,TCP,192.168.1.6,52.210.110.130,61201,443,TCP,0x0010,0x5369,511,0
IPv4,54,TCP,192.168.1.6,52.210.110.130,61201,443,TCP,0x0010,0x532a,510,0
IPv6,133,UDP,2a00:1450:400b:c03::9d,2001:bb6:48d0:da00:7c5c:1087:a562:a487,443,65397,UDP,0,0xb939,0,0
IPv6,84,UDP,2a00:1450:400b:c03::9d,2001:bb6:48d0:da00:7c5c:1087:a562:a487,443,65397,UDP,0,0x8bd0,0,0
IPv4,73,UDP,192.168.1.6,74.125.193.154,57895,443,QUIC,0,0x2e65,0,0
IPv6,112,UDP,2a00:1450:400b:c00::9c,2001:bb6:48d0:da00:7c5c:1087:a562:a487,443,61811,UDP,0,0xcfbb,0,0
IPv6,85,UDP,2a00:1450:400b:c00::9c,2001:bb6:48d0:da00:7c5c:1087:a562:a487,443,61811,UDP,0,0x38fc,0,0
IPv6,103,UDP,2a00:1450:400b:c03::9d,2001:bb6:48d0:da00:7c5c:1087:a562:a487,443,65397,UDP,0,0x34ff,0,0
IPv6,98,UDP,2001:bb6:48d0:da00:7c5c:1087:a562:a487,2a00:1450:400b:c03::9d,65397,443,UDP,0,0x591d,0,0
IPv6,84,UDP,2a00:1450:400b:c03::9d,2001:bb6:48d0:da00:7c5c:1087:a562:a487,443,65397,UDP,0,0x7f19,0,0
IPv4,316,UDP,74.125.193.154,192.168.1.6,443,57895,QUIC,0,0x7ff2,0,0
IPv4,78,UDP,74.125.193.154,192.168.1.6,443,57895,QUIC,0,0xd5f2,0,0
IPv4,63,UDP,74.125.193.154,192.168.1.6,443,57895,QUIC,0,0x134e,0,0
IPv4,54,TCP,192.168.1.6,52.210.110.130,61201,443,TCP,0x0011,0x5329,510,0
IPv6,98,UDP,2001:bb6:48d0:da00:7c5c:1087:a562:a487,2a00:1450:400b:c03::9d,65397,443,UDP,0,0xb1ec,0,0
IPv4,63,UDP,74.125.193.154,192.168.1.6,443,57895,QUIC,0,0x0f14,0,0
IPv4,78,UDP,74.125.193.154,192.168.1.6,443,57895,QUIC,0,0xb7f9,0,0
IPv4,63,UDP,74.125.193.154,192.168.1.6,443,57895,QUIC,0,0xd406,0,0
IPv4,78,UDP,74.125.193.154,192.168.1.6,443,57895,QUIC,0,0x3527,0,0
IPv4,63,UDP,74.125.193.154,192.168.1.6,443,57895,QUIC,0,0x0fda,0,0
IPv4,78,UDP,74.125.193.154,192.168.1.6,443,57895,QUIC,0,0x44de,0,0
IPv4,63,UDP,74.125.193.154,192.168.1.6,443,57895,QUIC,0,0x3eb8,0,0
IPv4,78,UDP,74.125.193.154,192.168.1.6,443,57895,QUIC,0,0x7acb,0,0
IPv4,78,UDP,192.168.1.6,74.125.193.154,57895,443,QUIC,0,0x695f,0,0
IPv4,73,UDP,192.168.1.6,74.125.193.154,57895,443,QUIC,0,0xdaee,0,0
IPv4,77,UDP,192.168.1.6,74.125.193.154,57895,443,QUIC,0,0x061f,0,0
IPv4,77,UDP,192.168.1.6,74.125.193.154,57895,443,QUIC,0,0x6f84,0,0
IPv4,77,UDP,192.168.1.6,74.125.193.154,57895,443,QUIC,0,0xcc6b,0,0
IPv4,63,UDP,74.125.193.154,192.168.1.6,443,57895,QUIC,0,0xa7c2,0,0
IPv6,112,UDP,2a00:1450:400b:c00::9c,2001:bb6:48d0:da00:7c5c:1087:a562:a487,443,61811,UDP,0,0xbf67,0,0
IPv6,85,UDP,2a00:1450:400b:c00::9c,2001:bb6:48d0:da00:7c5c:1087:a562:a487,443,61811,UDP,0,0x22d0,0,0
IPv6,102,UDP,2001:bb6:48d0:da00:7c5c:1087:a562:a487,2a00:1450:400b:c00::9c,61811,443,UDP,0,0x82c5,0,0
IPv6,130,UDP,2001:bb6:48d0:da00:7c5c:1087:a562:a487,2a00:1450:400b:c03::9d,65397,443,UDP,0,0xf9f1,0,0
IPv4,162,UDP,74.125.193.154,192.168.1.6,443,57895,QUIC,0,0x8605,0,0
IPv4,71,UDP,209.85.202.148,192.168.1.6,443,50713,QUIC,0,0x3264,0,0
IPv6,130,UDP,2001:bb6:48d0:da00:7c5c:1087:a562:a487,2a00:1450:400b:c00::9c,61811,443,UDP,0,0xe981,0,0
IPv4,75,UDP,209.85.202.148,192.168.1.6,443,50713,QUIC,0,0x1b4f,0,0
IPv4,77,UDP,192.168.1.6,74.125.193.154,57895,443,QUIC,0,0xfea5,0,0
IPv4,75,UDP,192.168.1.6,74.125.193.154,57895,443,QUIC,0,0xf7df,0,0
IPv6,86,UDP,2a00:1450:400b:c03::9d,2001:bb6:48d0:da00:7c5c:1087:a562:a487,443,65397,UDP,0,0x84b4,0,0
IPv4,65,UDP,74.125.193.154,192.168.1.6,443,57895,QUIC,0,0x5cce,0,0
IPv4,65,UDP,74.125.193.154,192.168.1.6,443,57895,QUIC,0,0xaa45,0,0
IPv6,102,UDP,2001:bb6:48d0:da00:7c5c:1087:a562:a487,2a00:1450:400b:c00::9c,61811,443,UDP,0,0x5ede,0,0
IPv4,54,TCP,52.210.110.130,192.168.1.6,443,61201,TCP,0x0010,0x53d5,338,0
IPv6,130,UDP,2001:bb6:48d0:da00:7c5c:1087:a562:a487,2a00:1450:400b:c00::9c,61811,443,UDP,0,0xb05a,0,0
IPv6,95,UDP,2a00:1450:400b:c00::9c,2001:bb6:48d0:da00:7c5c:1087:a562:a487,443,61811,UDP,0,0xc5be,0,0
IPv6,95,UDP,2001:bb6:48d0:da00:7c5c:1087:a562:a487,2a00:1450:400b:c00::9c,61811,443,UDP,0,0xb84a,0,0
IPv6,298,UDP,2001:bb6:48d0:da00:7c5c:1087:a562:a487,2a00:1450:400b:c03::9d,65397,443,UDP,0,0x89f3,0,0
IPv4,74,UDP,192.168.1.6,209.85.202.148,50713,443,QUIC,0,0x4ad2,0,0
IPv6,94,UDP,2a00:1450:400b:c00::9c,2001:bb6:48d0:da00:7c5c:1087:a562:a487,443,61811,UDP,0,0x71a8,0,0
IPv4,635,UDP,209.85.202.148,192.168.1.6,443,50713,QUIC,0,0xf5bf,0,0
IPv4,63,UDP,209.85.202.148,192.168.1.6,443,50713,QUIC,0,0x423e,0,0
IPv6,115,UDP,2a00:1450:400b:c03::9d,2001:bb6:48d0:da00:7c5c:1087:a562:a487,443,65397,UDP,0,0x581a,0,0
IPv6,84,UDP,2a00:1450:400b:c03::9d,2001:bb6:48d0:da00:7c5c:1087:a562:a487,443,65397,UDP,0,0x145f,0,0
IPv6,112,UDP,2a00:1450:400b:c00::9c,2001:bb6:48d0:da00:7c5c:1087:a562:a487,443,61811,UDP,0,0x2204,0,0
IPv6,85,UDP,2a00:1450:400b:c00::9c,2001:bb6:48d0:da00:7c5c:1087:a562:a487,443,61811,UDP,0,0x9db8,0,0
IPv6,112,UDP,2a00:1450:400b:c00::9c,2001:bb6:48d0:da00:7c5c:1087:a562:a487,443,61811,UDP,0,0x7aab,0,0
IPv4,77,UDP,192.168.1.6,209.85.202.148,50713,443,QUIC,0,0x9487,0,0
IPv6,98,UDP,2001:bb6:48d0:da00:7c5c:1087:a562:a487,2a00:1450:400b:c03::9d,65397,443,UDP,0,0x27c0,0,0
IPv6,85,UDP,2a00:1450:400b:c00::9c,2001:bb6:48d0:da00:7c5c:1087:a562:a487,443,61811,UDP,0,0x7f10,0,0
IPv4,66,UDP,74.125.193.154,192.168.1.6,443,57895,QUIC,0,0x9574,0,0
IPv6,105,UDP,2001:bb6:48d0:da00:7c5c:1087:a562:a487,2a00:1450:400b:c00::9c,61811,443,UDP,0,0x71de,0,0
IPv6,90,UDP,2a00:1450:400b:c03::9d,2001:bb6:48d0:da00:7c5c:1087:a562:a487,443,65397,UDP,0,0x47fc,0,0
IPv6,130,UDP,2001:bb6:48d0:da00:7c5c:1087:a562:a487,2a00:1450:400b:c03::9d,65397,443,UDP,0,0xc5d6,0,0
IPv6,88,UDP,2a00:1450:400b:c00::9c,2001:bb6:48d0:da00:7c5c:1087:a562:a487,443,61811,UDP,0,0xccd5,0,0
IPv6,95,UDP,2001:bb6:48d0:da00:7c5c:1087:a562:a487,2a00:1450:400b:c03::9d,65397,443,UDP,0,0xfc43,0,0
IPv6,115,UDP,2a00:1450:400b:c03::9d,2001:bb6:48d0:da00:7c5c:1087:a562:a487,443,65397,UDP,0,0x796c,0,0
IPv6,84,UDP,2a00:1450:400b:c03::9d,2001:bb6:48d0:da00:7c5c:1087:a562:a487,443,65397,UDP,0,0x1996,0,0
IPv4,66,UDP,209.85.202.148,192.168.1.6,443,50713,QUIC,0,0xfac1,0,0
IPv6,103,UDP,2a00:1450:400b:c03::9d,2001:bb6:48d0:da00:7c5c:1087:a562:a487,443,65397,UDP,0,0x6c49,0,0
IPv6,84,UDP,2a00:1450:400b:c03::9d,2001:bb6:48d0:da00:7c5c:1087:a562:a487,443,65397,UDP,0,0xc6c4,0,0
IPv6,98,UDP,2001:bb6:48d0:da00:7c5c:1087:a562:a487,2a00:1450:400b:c03::9d,65397,443,UDP,0,0x1053,0,0
IPv6,98,UDP,2001:bb6:48d0:da00:7c5c:1087:a562:a487,2a00:1450:400b:c03::9d,65397,443,UDP,0,0x8c66,0,0
IPv6,130,UDP,2001:bb6:48d0:da00:7c5c:1087:a562:a487,2a00:1450:400b:c03::9d,65397,443,UDP,0,0x4ad4,0,0
IPv6,86,UDP,2a00:1450:400b:c03::9d,2001:bb6:48d0:da00:7c5c:1087:a562:a487,443,65397,UDP,0,0x51d5,0,0
IPv6,115,UDP,2a00:1450:400b:c03::9d,2001:bb6:48d0:da00:7c5c:1087:a562:a487,443,65397,UDP,0,0xd350,0,0
IPv6,84,UDP,2a00:1450:400b:c03::9d,2001:bb6:48d0:da00:7c5c:1087:a562:a487,443,65397,UDP,0,0x1949,0,0
IPv6,108,UDP,2a00:1450:400b:c03::9d,2001:bb6:48d0:da00:7c5c:1087:a562:a487,443,65397,UDP,0,0xfd25,0,0
IPv6,98,UDP,2001:bb6:48d0:da00:7c5c:1087:a562:a487,2a00:1450:400b:c03::9d,65397,443,UDP,0,0x1129,0,0
IPv6,96,UDP,2001:bb6:48d0:da00:7c5c:1087:a562:a487,2a00:1450:400b:c03::9d,65397,443,UDP,0,0x81f8,0,0
IPv6,130,UDP,2001:bb6:48d0:da00:7c5c:1087:a562:a487,2a00:1450:400b:c03::9d,65397,443,UDP,0,0x0612,0,0
IPv6,87,UDP,2a00:1450:400b:c03::9d,2001:bb6:48d0:da00:7c5c:1087:a562:a487,443,65397,UDP,0,0x4be7,0,0
IPv6,130,UDP,2001:bb6:48d0:da00:7c5c:1087:a562:a487,2a00:1450:400b:c03::9d,65397,443,UDP,0,0x8778,0,0
IPv4,228,UDP,192.168.1.254,239.255.255.250,1900,1900,UDP,0,0x6a88,0,0
IPv4,246,UDP,192.168.1.254,224.0.0.251,5353,5353,MDNS,0,0x0170,0,0
IPv4,457,UDP,192.168.1.254,239.255.255.250,1900,1900,UDP,0,0xd758,0,0
IPv6,115,UDP,2a00:1450:400b:c03::9d,2001:bb6:48d0:da00:7c5c:1087:a562:a487,443,65397,UDP,0,0x7c3c,0,0
IPv6,84,UDP,2a00:1450:400b:c03::9d,2001:bb6:48d0:da00:7c5c:1087:a562:a487,443,65397,UDP,0,0x2421,0,0
IPv6,88,UDP,2a00:1450:400b:c03::9d,2001:bb6:48d0:da00:7c5c:1087:a562:a487,443,65397,UDP,0,0xfc01,0,0
IPv6,99,UDP,2001:bb6:48d0:da00:7c5c:1087:a562:a487,2a00:1450:400b:c03::9d,65397,443,UDP,0,0xa382,0,0
IPv6,87,UDP,2a00:1450:400b:c03::9d,2001:bb6:48d0:da00:7c5c:1087:a562:a487,443,65397,UDP,0,0x1b42,0,0
IPv4,78,TCP,85.91.47.67,192.168.1.6,443,61263,TLS,0x0018,0x2f83,38016,0
IPv4,54,TCP,85.91.47.67,192.168.1.6,443,61263,TCP,0x0011,0xd15c,38016,0
IPv4,54,TCP,192.168.1.6,85.91.47.67,61263,443,TCP,0x0010,0xd18a,64256,0
IPv6,764,UDP,2001:bb6:48d0:da00:7c5c:1087:a562:a487,2a00:1450:400b:c00::9c,61811,443,UDP,0,0x2950,0,0
IPv4,85,UDP,192.168.1.254,224.0.0.252,5355,5355,UDP,0,0xb552,0,0
IPv6,95,UDP,2a00:1450:400b:c00::9c,2001:bb6:48d0:da00:7c5c:1087:a562:a487,443,61811,UDP,0,0xbc78,0,0
IPv6,95,UDP,2001:bb6:48d0:da00:7c5c:1087:a562:a487,2a00:1450:400b:c00::9c,61811,443,UDP,0,0x2852,0,0
IPv6,189,UDP,2a00:1450:400b:c00::9c,2001:bb6:48d0:da00:7c5c:1087:a562:a487,443,61811,UDP,0,0x722f,0,0
IPv6,86,UDP,2a00:1450:400b:c00::9c,2001:bb6:48d0:da00:7c5c:1087:a562:a487,443,61811,UDP,0,0x861e,0,0
IPv6,102,UDP,2001:bb6:48d0:da00:7c5c:1087:a562:a487,2a00:1450:400b:c00::9c,61811,443,UDP,0,0x759b,0,0
IPv6,722,UDP,2001:bb6:48d0:da00:7c5c:1087:a562:a487,2a00:1450:400b:c00::9c,61811,443,UDP,0,0xdb09,0,0
IPv6,88,UDP,2a00:1450:400b:c00::9c,2001:bb6:48d0:da00:7c5c:1087:a562:a487,443,61811,UDP,0,0x894e,0,0
IPv6,95,UDP,2a00:1450:400b:c00::9c,2001:bb6:48d0:da00:7c5c:1087:a562:a487,443,61811,UDP,0,0x4c68,0,0
IPv6,95,UDP,2001:bb6:48d0:da00:7c5c:1087:a562:a487,2a00:1450:400b:c00::9c,61811,443,UDP,0,0x472e,0,0
IPv6,159,UDP,2a00:1450:400b:c00::9c,2001:bb6:48d0:da00:7c5c:1087:a562:a487,443,61811,UDP,0,0x03ca,0,0
IPv6,86,UDP,2a00:1450:400b:c00::9c,2001:bb6:48d0:da00:7c5c:1087:a562:a487,443,61811,UDP,0,0xb8ac,0,0
IPv6,102,UDP,2001:bb6:48d0:da00:7c5c:1087:a562:a487,2a00:1450:400b:c00::9c,61811,443,UDP,0,0x602e,0,0
IPv6,220,UDP,2001:bb6:48d0:da00:7c5c:1087:a562:a487,2a00:1450:400b:c03::9c,56974,443,QUIC,0,0xa8d5,0,0
IPv6,88,UDP,2a00:1450:400b:c00::9c,2001:bb6:48d0:da00:7c5c:1087:a562:a487,443,61811,UDP,0,0x18b1,0,0
IPv6,143,UDP,2a00:1450:400b:c03::9c,2001:bb6:48d0:da00:7c5c:1087:a562:a487,443,56974,QUIC,0,0x14d4,0,0
IPv6,84,UDP,2a00:1450:400b:c03::9c,2001:bb6:48d0:da00:7c5c:1087:a562:a487,443,56974,QUIC,0,0x0e30,0,0
IPv6,97,UDP,2001:bb6:48d0:da00:7c5c:1087:a562:a487,2a00:1450:400b:c03::9c,56974,443,QUIC,0,0x917e,0,0
IPv6,87,UDP,2a00:1450:400b:c03::9c,2001:bb6:48d0:da00:7c5c:1087:a562:a487,443,56974,QUIC,0,0xca97,0,0
IPv4,358,UDP,192.168.1.6,224.0.0.251,5353,5353,MDNS,0,0xdb82,0,0
IPv6,378,UDP,fe80::95ca:d278:281a:9d45,ff02::fb,5353,5353,MDNS,0,0x520b,0,0
IPv4,83,UDP,192.168.1.6,224.0.0.251,5353,5353,MDNS,0,0x6f74,0,0
IPv6,103,UDP,fe80::95ca:d278:281a:9d45,ff02::fb,5353,5353,MDNS,0,0xe5fc,0,0
IPv4,83,UDP,192.168.1.6,224.0.0.251,5353,5353,MDNS,0,0x6f74,0,0
IPv6,103,UDP,fe80::95ca:d278:281a:9d45,ff02::fb,5353,5353,MDNS,0,0xe5fc,0,0
IPv4,83,UDP,192.168.1.6,224.0.0.251,5353,5353,MDNS,0,0x6f74,0,0
IPv6,103,UDP,fe80::95ca:d278:281a:9d45,ff02::fb,5353,5353,MDNS,0,0xe5fc,0,0
IPv4,469,UDP,192.168.1.6,224.0.0.251,5353,5353,MDNS,0,0x6145,0,0
IPv6,489,UDP,fe80::95ca:d278:281a:9d45,ff02::fb,5353,5353,MDNS,0,0xd7cd,0,0
IPv4,415,UDP,192.168.1.6,224.0.0.251,5353,5353,MDNS,0,0x32a8,0,0
IPv6,435,UDP,fe80::95ca:d278:281a:9d45,ff02::fb,5353,5353,MDNS,0,0xa930,0,0
IPv4,54,TCP,185.89.210.122,192.168.1.6,443,61255,TCP,0x0011,0xac6f,40880,0
IPv4,100,TCP,185.89.210.122,192.168.1.6,443,61255,TCP,0x0018,0x7524,40880,0
IPv4,85,TCP,185.89.210.122,192.168.1.6,443,61255,TCP,0x0018,0x9f66,40880,0
IPv4,54,TCP,192.168.1.6,185.89.210.122,61255,443,TCP,0x0010,0x51bb,64178,0
IPv4,54,TCP,192.168.1.6,185.89.210.122,61255,443,TCP,0x0010,0x51ba,64101,0
IPv4,54,TCP,192.168.1.6,185.89.210.122,61255,443,TCP,0x0011,0x51b9,64101,0
IPv6,113,TCP,2a02:2638:d::48,2001:bb6:48d0:da00:7c5c:1087:a562:a487,443,61251,TLS,0x0018,0x07f2,63,0
IPv4,54,TCP,185.89.210.122,192.168.1.6,443,61255,TCP,0x0010,0xac6e,40880,0
IPv6,74,TCP,2001:bb6:48d0:da00:7c5c:1087:a562:a487,2a02:2638:d::48,61251,443,TCP,0x0011,0x0e6b,252,0
IPv6,113,TCP,2a02:2638:d::31,2001:bb6:48d0:da00:7c5c:1087:a562:a487,443,61252,TLS,0x0018,0xa3db,63,0
IPv6,74,TCP,2a02:2638:d::48,2001:bb6:48d0:da00:7c5c:1087:a562:a487,443,61251,TCP,0x0011,0x0f0f,63,0
IPv6,98,TCP,2a02:2638:d::48,2001:bb6:48d0:da00:7c5c:1087:a562:a487,443,61251,TCP,0x0018,0x921b,63,0
IPv6,74,TCP,2001:bb6:48d0:da00:7c5c:1087:a562:a487,2a02:2638:d::48,61251,443,TCP,0x0010,0x0e6b,252,0
IPv6,74,TCP,2001:bb6:48d0:da00:7c5c:1087:a562:a487,2a02:2638:d::48,61251,443,TCP,0x0014,0x0f4b,0,0
IPv6,74,TCP,2001:bb6:48d0:da00:7c5c:1087:a562:a487,2a02:2638:d::31,61252,443,TCP,0x0011,0x94f6,253,0
IPv6,74,TCP,2a02:2638:d::31,2001:bb6:48d0:da00:7c5c:1087:a562:a487,443,61252,TCP,0x0011,0x959b,63,0
IPv6,98,TCP,2a02:2638:d::31,2001:bb6:48d0:da00:7c5c:1087:a562:a487,443,61252,TCP,0x0018,0x7875,63,0
IPv6,74,TCP,2001:bb6:48d0:da00:7c5c:1087:a562:a487,2a02:2638:d::31,61252,443,TCP,0x0010,0x94f6,253,0
IPv6,74,TCP,2001:bb6:48d0:da00:7c5c:1087:a562:a487,2a02:2638:d::31,61252,443,TCP,0x0014,0x95d7,0,0
IPv4,418,UDP,192.168.1.11,192.168.1.255,52774,40777,UDP,0,0x6122,0,0
IPv6,112,UDP,fe80::95ca:d278:281a:9d45,fe80::a7b:12ff:fec1:d237,57322,53,DNS,0,0xb4f1,0,0
IPv6,231,UDP,fe80::a7b:12ff:fec1:d237,fe80::95ca:d278:281a:9d45,53,57322,DNS,0,0x4259,0,0
IPv4,66,TCP,192.168.1.6,40.79.173.40,61265,443,TCP,0x0002,0x1027,65535,0
IPv4,66,TCP,40.79.173.40,192.168.1.6,443,61265,TCP,0x0012,0xe455,65535,0
IPv4,54,TCP,192.168.1.6,40.79.173.40,61265,443,TCP,0x0010,0x2416,65280,0
IPv4,571,TCP,192.168.1.6,40.79.173.40,61265,443,TLS,0x0018,0x6041,65280,0
IPv4,54,TCP,35.214.200.194,192.168.1.6,443,61198,TCP,0x0011,0x7137,501,0
IPv4,85,TCP,35.214.200.194,192.168.1.6,443,61198,TCP,0x0018,0xa78e,501,0
IPv4,54,TCP,192.168.1.6,35.214.200.194,61198,443,TCP,0x0010,0x724f,253,0
IPv4,54,TCP,192.168.1.6,35.214.200.194,61198,443,TCP,0x0010,0x722f,253,0
IPv4,153,TCP,40.79.173.40,192.168.1.6,443,61265,TLS,0x0018,0x5205,4194048,0
IPv4,491,TCP,192.168.1.6,40.79.173.40,61265,443,TLS,0x0018,0x58ff,65280,0
IPv4,1514,TCP,40.79.173.40,192.168.1.6,443,61265,TLS,0x0010,0xd7e1,4193536,0
IPv4,1514,TCP,40.79.173.40,192.168.1.6,443,61265,TCP,0x0010,0xfd34,4193536,0
IPv4,1514,TCP,40.79.173.40,192.168.1.6,443,61265,TCP,0x0010,0xdd4f,4193536,0
IPv4,205,TCP,40.79.173.40,192.168.1.6,443,61265,TLS,0x0018,0x8c28,4193536,0
IPv4,54,TCP,192.168.1.6,40.79.173.40,61265,443,TCP,0x0010,0x0e46,65280,0
IPv4,1494,TCP,192.168.1.6,40.79.173.40,61265,443,TLS,0x0010,0x00f4,65280,0
IPv4,868,TCP,192.168.1.6,40.79.173.40,61265,443,TLS,0x0018,0x2e1f,65280,0
IPv4,113,TCP,137.135.249.23,192.168.1.6,443,60653,TLS,0x0018,0x4888,251,0
IPv4,120,TCP,192.168.1.6,137.135.249.23,60653,443,TLS,0x0018,0xc0e2,251,0
IPv4,56,TCP,137.135.249.23,192.168.1.6,443,60653,TCP,0x0010,0xb59a,251,0
IPv4,54,TCP,40.79.173.40,192.168.1.6,443,61265,TCP,0x0010,0xc675,4194560,0
IPv4,157,TCP,40.79.173.40,192.168.1.6,443,61265,TLS,0x0018,0x56a9,4194560,0
IPv4,519,TCP,40.79.173.40,192.168.1.6,443,61265,TLS,0x0019,0x84c4,4194560,0
IPv4,54,TCP,192.168.1.6,40.79.173.40,61265,443,TCP,0x0010,0x0341,64768,0
IPv4,78,TCP,192.168.1.6,40.79.173.40,61265,443,TLS,0x0018,0x349b,64768,0
IPv4,54,TCP,192.168.1.6,40.79.173.40,61265,443,TCP,0x0011,0x0328,64768,0
IPv4,54,TCP,40.79.173.40,192.168.1.6,443,61265,TCP,0x0010,0xc424,4194304,0
IPv4,294,TCP,192.168.1.6,34.237.73.95,60659,443,TLS,0x0018,0xf40e,255,0
IPv4,317,TCP,34.237.73.95,192.168.1.6,443,60659,TLS,0x0018,0x8798,682,0
IPv4,54,TCP,192.168.1.6,34.237.73.95,60659,443,TCP,0x0010,0x30df,254,0
IPv4,54,TCP,4.208.26.200,192.168.1.6,443,61219,TCP,0x0011,0x90f3,76,0
IPv4,93,TCP,4.208.26.200,192.168.1.6,443,61219,TCP,0x0018,0xc53e,76,0
IPv4,78,TCP,4.208.26.200,192.168.1.6,443,61219,TCP,0x0018,0x7005,76,0
IPv4,54,TCP,192.168.1.6,4.208.26.200,61219,443,TCP,0x0010,0x9080,255,0
IPv4,54,TCP,192.168.1.6,4.208.26.200,61219,443,TCP,0x0010,0x9040,255,0
IPv4,54,TCP,192.168.1.6,4.208.26.200,61219,443,TCP,0x0011,0x903f,255,0
IPv4,54,TCP,4.208.26.200,192.168.1.6,443,61219,TCP,0x0010,0x90f2,76,0
IPv6,75,TCP,2001:bb6:48d0:da00:7c5c:1087:a562:a487,2a00:1450:400b:c00::bc,60652,5228,TCP,0x0010,0x90d8,253,0
IPv6,86,TCP,2a00:1450:400b:c00::bc,2001:bb6:48d0:da00:7c5c:1087:a562:a487,5228,60652,TCP,0x0010,0x86f2,1045,0
IPv4,108,TCP,192.168.1.6,162.254.196.80,60636,27020,TLS,0x0018,0x47f4,255,0
IPv4,56,TCP,162.254.196.80,192.168.1.6,27020,60636,TCP,0x0010,0xc2f6,2391,0
